Page #,Page Name,URL,Page Type,Parent Page,Template,Content Source,Tier / Priority,Primary CTA,Secondary CTA,Section #,Section Name,Section Purpose / Intent,Internal Links From This Section,Notes
1,Homepage,/,Static,—,Custom build,Manual,Tier 1,Check if your territory is open,Partner with Boogies | Find a Tasty Point,1.1,Sticky Header,"Persistent navigation carrying six slots plus the five-way partner dropdown, so the primary commercial journey is visible at nav level on every page without consuming its own slot.",/ | /products | /plant | /find-boogies | /partners (dropdown x5) | /company | /contact,Distributor listed first and visually weighted in the dropdown.
1,Homepage,/,Static,—,Custom build,Manual,Tier 1,Check if your territory is open,Partner with Boogies | Find a Tasty Point,1.2,Hero — dual audience,Resolves the site's central tension in one screen: a consumer-credible brand statement with an explicit trade entry above the fold. The current site loses the highest-value visitor in seconds because it reads as a retail ice cream brand.,/partners/distributor | /find-boogies,"Real photography of the plant and product only — no stock, no AI-generated imagery."
1,Homepage,/,Static,—,Custom build,Manual,Tier 1,Check if your territory is open,Partner with Boogies | Find a Tasty Point,1.3,Trade entry strip,"Names the five partner journeys immediately so a distributor, retailer, van operator, franchisee or bulk buyer self-sorts before scrolling. Answers the Meiso segmentation pattern and exceeds it.",/partners/distributor | /partners/retailer | /partners/van-route | /partners/franchise | /partners/bulk-events,Five-way router mirrors the enquiry form's interest field.
1,Homepage,/,Static,—,Custom build,Manual,Tier 1,Check if your territory is open,Partner with Boogies | Find a Tasty Point,1.4,Proof bar,"Third-party verification placed before any brand claim, because the strongest asset Boogies owns is evidence it did not author. Carries the Google rating and review count.",/plant | external: Google Business Profile,"Real verified figures only (4.7 / 126 at time of research). If the figure is not current at build, the block is OMITTED rather than estimated."
1,Homepage,/,Static,—,Custom build,Manual,Tier 1,Check if your territory is open,Partner with Boogies | Find a Tasty Point,1.5,"The range, by what it does for a freezer","Reframes catalogue breadth as a logistics and margin argument rather than a flavour list — one relationship covering value, premium, novelty and impulse.",/products | /products/[tier] x6,Translate every product fact into a shelf or margin consequence.
1,Homepage,/,Static,—,Custom build,Manual,Tier 1,Check if your territory is open,Partner with Boogies | Find a Tasty Point,1.6,"The plant, in motion",Converts an unverifiable quality claim into a verifiable invitation. Video-led because the process is inherently visual and text has never carried it.,/plant | /plant/visit,Filmed plant tour. Real footage of the actual facility and staff.
1,Homepage,/,Static,—,Custom build,Manual,Tier 1,Check if your territory is open,Partner with Boogies | Find a Tasty Point,1.7,Where Boogies already sells,Doubles as consumer discovery and as sell-through evidence — outlet presence by town is the proof that the product moves without advertising.,/find-boogies | /find-boogies/[district],Renders live outlet counts from the CMS. Omits counts entirely if data is incomplete.
1,Homepage,/,Static,—,Custom build,Manual,Tier 1,Check if your territory is open,Partner with Boogies | Find a Tasty Point,1.8,The reframe,Turns the company's proudest fact — over a decade of growth with no advertising — from a warning sign into the reason the territory is still available. This is the single most important argument on the site.,/partners/distributor | /partners/distributor/evidence,Never states 'we never advertised' without the reframe attached.
1,Homepage,/,Static,—,Custom build,Manual,Tier 1,Check if your territory is open,Partner with Boogies | Find a Tasty Point,1.9,Territory check CTA band,"The primary conversion, placed after belief has been built rather than before it.",/partners/distributor/territory,Opens Step 1 of the progressive form.
1,Homepage,/,Static,—,Custom build,Manual,Tier 1,Check if your territory is open,Partner with Boogies | Find a Tasty Point,1.10,Boogie Woogie strip,"Introduces the exclusive line as a consumer range here and as margin protection on partner surfaces — same asset, two framings.",/boogie-woogie | /partners/franchise,Exclusivity flag: available only through Boogies outlets and franchises.
1,Homepage,/,Static,—,Custom build,Manual,Tier 1,Check if your territory is open,Partner with Boogies | Find a Tasty Point,1.11,Bulk and events,Captures a real demand stream the current site promises in copy but routes nowhere.,/partners/bulk-events,Homepage today claims doorstep delivery of large orders with no capture route.
1,Homepage,/,Static,—,Custom build,Manual,Tier 1,Check if your territory is open,Partner with Boogies | Find a Tasty Point,1.12,Pinned WhatsApp + Call,Floating conversion path for the archetype who will not complete a form. Pre-filled with page context so the sales conversation opens already qualified rather than at zero.,wa.me deep link | tel: link,WhatsApp Business API. Page context injected into the pre-filled message.
1,Homepage,/,Static,—,Custom build,Manual,Tier 1,Check if your territory is open,Partner with Boogies | Find a Tasty Point,1.13,Footer,"Standard 4-column footer: Explore | Products | Partner With Us | Contact & Legal. The visible partner email lives in column four and is one of nine sitewide surfaces carrying it, because the relationship-driven distributor archetype bypasses forms and looks for a person.",/ | /company | /plant | /find-boogies | /resources | /products/[tier] x6 | /partners/distributor | /partners/retailer | /partners/van-route | /partners/franchise | /partners/bulk-events | /contact | /privacy | /terms,"Locked template. partners@boogies.in [CONFIRM]. Both entity addresses shown (Icehome Foods, Kerala; Mountbell Foods, Tamil Nadu). Single phone number sitewide — current estate publishes two different numbers."
2,Products — Index,/products,Static index,/,Tier index,CMS Product Tier collection,Tier 2,Request the trade pack,Check if your territory is open,2.1,Sticky Header,"Persistent navigation carrying six slots plus the five-way partner dropdown, so the primary commercial journey is visible at nav level on every page without consuming its own slot.",/ | /products | /plant | /find-boogies | /partners (dropdown x5) | /company | /contact,Distributor listed first and visually weighted in the dropdown.
2,Products — Index,/products,Static index,/,Tier index,CMS Product Tier collection,Tier 2,Request the trade pack,Check if your territory is open,2.2,Tier navigation,"Presents the catalogue by format tier rather than as a packshot gallery, because a trade buyer navigates by what fills a cabinet, not by flavour.",/products/carry-homes | /products/paper-packs | /products/bulk-party-packs | /products/novelties | /products/boogie-woogie | /products/trade-supply,"Six tiers. Trade-supply tier surfaces vans, cones and ghee, currently invisible on site."
2,Products — Index,/products,Static index,/,Tier index,CMS Product Tier collection,Tier 2,Request the trade pack,Check if your territory is open,2.3,The breadth argument,"States what the catalogue means commercially — one supplier covering the whole freezer, fewer relationships, simpler logistics.",/partners/distributor/economics,Product count stated only if the SKU list is verified. Otherwise omitted.
2,Products — Index,/products,Static index,/,Tier index,CMS Product Tier collection,Tier 2,Request the trade pack,Check if your territory is open,2.4,Price ladder explainer,"Introduces the tier structure that carries the entire margin argument, since absolute rupees per unit is what a distributor actually calculates.",/products/bulk-party-packs | /partners/distributor/economics,Published price list is a commercial decision — [CONFIRM] whether it stays public.
2,Products — Index,/products,Static index,/,Tier index,CMS Product Tier collection,Tier 2,Request the trade pack,Check if your territory is open,2.5,Trade pack download,"Gives the trade buyer a forwardable specification artifact, matching the standard a competitor already publishes on its B2B property.",/resources/12-questions,Light gate: phone + WhatsApp + territory.
2,Products — Index,/products,Static index,/,Tier index,CMS Product Tier collection,Tier 2,Request the trade pack,Check if your territory is open,2.6,Pinned WhatsApp + Call,Floating conversion path for the archetype who will not complete a form. Pre-filled with page context so the sales conversation opens already qualified rather than at zero.,wa.me deep link | tel: link,WhatsApp Business API. Page context injected into the pre-filled message.
2,Products — Index,/products,Static index,/,Tier index,CMS Product Tier collection,Tier 2,Request the trade pack,Check if your territory is open,2.7,Footer,"Standard 4-column footer: Explore | Products | Partner With Us | Contact & Legal. The visible partner email lives in column four and is one of nine sitewide surfaces carrying it, because the relationship-driven distributor archetype bypasses forms and looks for a person.",/ | /company | /plant | /find-boogies | /resources | /products/[tier] x6 | /partners/distributor | /partners/retailer | /partners/van-route | /partners/franchise | /partners/bulk-events | /contact | /privacy | /terms,"Locked template. partners@boogies.in [CONFIRM]. Both entity addresses shown (Icehome Foods, Kerala; Mountbell Foods, Tamil Nadu). Single phone number sitewide — current estate publishes two different numbers."
3,Product Tier Template,/products/[tier],Dynamic Template,/products,Tier Template,CMS Product Tier entry,Tier 2,Request the trade pack,Filter by band | Check if your territory is open,3.1,Sticky Header,"Persistent navigation carrying six slots plus the five-way partner dropdown, so the primary commercial journey is visible at nav level on every page without consuming its own slot.",/ | /products | /plant | /find-boogies | /partners (dropdown x5) | /company | /contact,Distributor listed first and visually weighted in the dropdown.
3,Product Tier Template,/products/[tier],Dynamic Template,/products,Tier Template,CMS Product Tier entry,Tier 2,Request the trade pack,Filter by band | Check if your territory is open,3.2,Breadcrumb,Orients depth and passes hierarchical equity upward.,/products,Schema: BreadcrumbList.
3,Product Tier Template,/products/[tier],Dynamic Template,/products,Tier Template,CMS Product Tier entry,Tier 2,Request the trade pack,Filter by band | Check if your territory is open,3.3,Tier hero,States what this format tier is for commercially — which channel it serves and which part of the cabinet it fills.,/products,—
3,Product Tier Template,/products/[tier],Dynamic Template,/products,Tier Template,CMS Product Tier entry,Tier 2,Request the trade pack,Filter by band | Check if your territory is open,3.4,SKU grid with band filter,"Lets a trade buyer filter by price band, which is the margin conversation rendered as an interface. Filter state lives in query strings, never in separate URLs.",/products/[tier]/[sku] x8-36,Query string ?band=. Canonical points to the clean tier URL.
3,Product Tier Template,/products/[tier],Dynamic Template,/products,Tier Template,CMS Product Tier entry,Tier 2,Request the trade pack,Filter by band | Check if your territory is open,3.5,Specification summary,"Publishes weights, case configurations, shelf life and storage temperature — the trade data absent from the current catalogue and the reason a buyer cannot evaluate it.",—,Matches the specification depth a competitor already publishes on its B2B site.
3,Product Tier Template,/products/[tier],Dynamic Template,/products,Tier Template,CMS Product Tier entry,Tier 2,Request the trade pack,Filter by band | Check if your territory is open,3.6,Sibling tiers,Lateral discovery across the catalogue so a buyer assembling a full cabinet sees the adjacent formats rather than dead-ending.,/products/[tier] x5,—
3,Product Tier Template,/products/[tier],Dynamic Template,/products,Tier Template,CMS Product Tier entry,Tier 2,Request the trade pack,Filter by band | Check if your territory is open,3.7,Trade CTA band,Converts catalogue browsing into a qualified conversation.,/partners/distributor | /resources/12-questions,—
3,Product Tier Template,/products/[tier],Dynamic Template,/products,Tier Template,CMS Product Tier entry,Tier 2,Request the trade pack,Filter by band | Check if your territory is open,3.8,Pinned WhatsApp + Call,Floating conversion path for the archetype who will not complete a form. Pre-filled with page context so the sales conversation opens already qualified rather than at zero.,wa.me deep link | tel: link,WhatsApp Business API. Page context injected into the pre-filled message.
3,Product Tier Template,/products/[tier],Dynamic Template,/products,Tier Template,CMS Product Tier entry,Tier 2,Request the trade pack,Filter by band | Check if your territory is open,3.9,Footer,"Standard 4-column footer: Explore | Products | Partner With Us | Contact & Legal. The visible partner email lives in column four and is one of nine sitewide surfaces carrying it, because the relationship-driven distributor archetype bypasses forms and looks for a person.",/ | /company | /plant | /find-boogies | /resources | /products/[tier] x6 | /partners/distributor | /partners/retailer | /partners/van-route | /partners/franchise | /partners/bulk-events | /contact | /privacy | /terms,"Locked template. partners@boogies.in [CONFIRM]. Both entity addresses shown (Icehome Foods, Kerala; Mountbell Foods, Tamil Nadu). Single phone number sitewide — current estate publishes two different numbers."
4,SKU Detail Template,/products/[tier]/[sku],Dynamic Template,/products/[tier],SKU Template,CMS Product entry — bulk and premium lines only,Tier 3,Request the trade pack,Enquire about this line,4.1,Sticky Header,"Persistent navigation carrying six slots plus the five-way partner dropdown, so the primary commercial journey is visible at nav level on every page without consuming its own slot.",/ | /products | /plant | /find-boogies | /partners (dropdown x5) | /company | /contact,Distributor listed first and visually weighted in the dropdown.
4,SKU Detail Template,/products/[tier]/[sku],Dynamic Template,/products/[tier],SKU Template,CMS Product entry — bulk and premium lines only,Tier 3,Request the trade pack,Enquire about this line,4.2,Breadcrumb,Hierarchical path back to tier and catalogue.,/products | /products/[tier],Schema: BreadcrumbList.
4,SKU Detail Template,/products/[tier]/[sku],Dynamic Template,/products/[tier],SKU Template,CMS Product entry — bulk and premium lines only,Tier 3,Request the trade pack,Enquire about this line,4.3,Product hero,Real packshot with the flavour name spelled correctly — the current site publishes several misspelled product and category labels that read as carelessness to a buyer performing due diligence.,—,Real product photography only. Correct spelling audit required before launch.
4,SKU Detail Template,/products/[tier]/[sku],Dynamic Template,/products/[tier],SKU Template,CMS Product entry — bulk and premium lines only,Tier 3,Request the trade pack,Enquire about this line,4.4,Specification table,"The reason this page exists. Weight, pack size, case configuration, shelf life, storage temperature, MOQ — a trade buyer cannot evaluate a line without them.",—,Schema: Product. Omit any field not verified rather than estimating.
4,SKU Detail Template,/products/[tier]/[sku],Dynamic Template,/products/[tier],SKU Template,CMS Product entry — bulk and premium lines only,Tier 3,Request the trade pack,Enquire about this line,4.5,Band and margin context,Places this SKU on the price ladder so the buyer sees where it sits in the absolute-rupee argument rather than judging it as a standalone flavour.,/partners/distributor/economics,—
4,SKU Detail Template,/products/[tier]/[sku],Dynamic Template,/products/[tier],SKU Template,CMS Product entry — bulk and premium lines only,Tier 3,Request the trade pack,Enquire about this line,4.6,Related lines in the same band,"Lateral discovery weighted by price band before format, because band is the margin argument and format is only logistics.",/products/[tier]/[sku] x4,Editorial override field available per SKU.
4,SKU Detail Template,/products/[tier]/[sku],Dynamic Template,/products/[tier],SKU Template,CMS Product entry — bulk and premium lines only,Tier 3,Request the trade pack,Enquire about this line,4.7,Exclusivity flag (conditional),"Where the SKU belongs to the exclusive line, states plainly that it is not available to general retail — protecting the partner-margin argument from being undercut by confusion.",/boogie-woogie | /partners/franchise,Renders only when the CMS exclusivity flag is set.
4,SKU Detail Template,/products/[tier]/[sku],Dynamic Template,/products/[tier],SKU Template,CMS Product entry — bulk and premium lines only,Tier 3,Request the trade pack,Enquire about this line,4.8,Pinned WhatsApp + Call,Floating conversion path for the archetype who will not complete a form. Pre-filled with page context so the sales conversation opens already qualified rather than at zero.,wa.me deep link | tel: link,WhatsApp Business API. Page context injected into the pre-filled message.
4,SKU Detail Template,/products/[tier]/[sku],Dynamic Template,/products/[tier],SKU Template,CMS Product entry — bulk and premium lines only,Tier 3,Request the trade pack,Enquire about this line,4.9,Footer,"Standard 4-column footer: Explore | Products | Partner With Us | Contact & Legal. The visible partner email lives in column four and is one of nine sitewide surfaces carrying it, because the relationship-driven distributor archetype bypasses forms and looks for a person.",/ | /company | /plant | /find-boogies | /resources | /products/[tier] x6 | /partners/distributor | /partners/retailer | /partners/van-route | /partners/franchise | /partners/bulk-events | /contact | /privacy | /terms,"Locked template. partners@boogies.in [CONFIRM]. Both entity addresses shown (Icehome Foods, Kerala; Mountbell Foods, Tamil Nadu). Single phone number sitewide — current estate publishes two different numbers."
5,Boogie Woogie,/boogie-woogie,Static,/,Custom build,Manual + CMS Product relations,Tier 2,Enquire about a Boogie Woogie franchise,Find a Tasty Point,5.1,Sticky Header,"Persistent navigation carrying six slots plus the five-way partner dropdown, so the primary commercial journey is visible at nav level on every page without consuming its own slot.",/ | /products | /plant | /find-boogies | /partners (dropdown x5) | /company | /contact,Distributor listed first and visually weighted in the dropdown.
5,Boogie Woogie,/boogie-woogie,Static,/,Custom build,Manual + CMS Product relations,Tier 2,Enquire about a Boogie Woogie franchise,Find a Tasty Point,5.2,Range hero,"Presents the natural pops and scoops line as a distinct sub-brand with its own identity, which is how it already behaves on the current site.",—,Real product photography.
5,Boogie Woogie,/boogie-woogie,Static,/,Custom build,Manual + CMS Product relations,Tier 2,Enquire about a Boogie Woogie franchise,Find a Tasty Point,5.3,"The exclusivity rule, stated as a benefit",Reframes a restriction already published on the current site as partner margin protection — the shop two streets away cannot stock this.,/partners/franchise | /partners/distributor/economics,Currently published as a product footnote and never framed as a commercial benefit.
5,Boogie Woogie,/boogie-woogie,Static,/,Custom build,Manual + CMS Product relations,Tier 2,Enquire about a Boogie Woogie franchise,Find a Tasty Point,5.4,Sticks and scoops grid,Shows the full range in both formats so a prospective franchisee understands what an outlet actually sells.,/products/boogie-woogie | /products/[tier]/[sku],—
5,Boogie Woogie,/boogie-woogie,Static,/,Custom build,Manual + CMS Product relations,Tier 2,Enquire about a Boogie Woogie franchise,Find a Tasty Point,5.5,Franchise route,Provides the commercial destination that the exclusivity claim implies but which does not exist anywhere on the current site.,/partners/franchise,A stated expansion vehicle currently supported by nothing.
5,Boogie Woogie,/boogie-woogie,Static,/,Custom build,Manual + CMS Product relations,Tier 2,Enquire about a Boogie Woogie franchise,Find a Tasty Point,5.6,Where to find it,"Directs consumers to outlets, since this line is not available through general retail.",/find-boogies,—
5,Boogie Woogie,/boogie-woogie,Static,/,Custom build,Manual + CMS Product relations,Tier 2,Enquire about a Boogie Woogie franchise,Find a Tasty Point,5.7,Pinned WhatsApp + Call,Floating conversion path for the archetype who will not complete a form. Pre-filled with page context so the sales conversation opens already qualified rather than at zero.,wa.me deep link | tel: link,WhatsApp Business API. Page context injected into the pre-filled message.
5,Boogie Woogie,/boogie-woogie,Static,/,Custom build,Manual + CMS Product relations,Tier 2,Enquire about a Boogie Woogie franchise,Find a Tasty Point,5.8,Footer,"Standard 4-column footer: Explore | Products | Partner With Us | Contact & Legal. The visible partner email lives in column four and is one of nine sitewide surfaces carrying it, because the relationship-driven distributor archetype bypasses forms and looks for a person.",/ | /company | /plant | /find-boogies | /resources | /products/[tier] x6 | /partners/distributor | /partners/retailer | /partners/van-route | /partners/franchise | /partners/bulk-events | /contact | /privacy | /terms,"Locked template. partners@boogies.in [CONFIRM]. Both entity addresses shown (Icehome Foods, Kerala; Mountbell Foods, Tamil Nadu). Single phone number sitewide — current estate publishes two different numbers."
6,The Plant,/plant,Static,/,Custom build,Manual + filmed production,Tier 1,Book a plant visit,Check if your territory is open | See our credentials,6.1,Sticky Header,"Persistent navigation carrying six slots plus the five-way partner dropdown, so the primary commercial journey is visible at nav level on every page without consuming its own slot.",/ | /products | /plant | /find-boogies | /partners (dropdown x5) | /company | /contact,Distributor listed first and visually weighted in the dropdown.
6,The Plant,/plant,Static,/,Custom build,Manual + filmed production,Tier 1,Book a plant visit,Check if your territory is open | See our credentials,6.2,Documentary hero,Opens with filmed production rather than a claim. A competitor publishes a process page built entirely on adjectives; this section exists to be the opposite of that.,/plant/visit,"Real filmed footage. No stock, no AI-generated imagery."
6,The Plant,/plant,Static,/,Custom build,Manual + filmed production,Tier 1,Book a plant visit,Check if your territory is open | See our credentials,6.3,Named process steps,"Walks the actual production sequence with named stages, so the quality claim becomes checkable rather than asserted.",/plant/credentials,Requires filmed and photographed plant access.
6,The Plant,/plant,Static,/,Custom build,Manual + filmed production,Tier 1,Book a plant visit,Check if your territory is open | See our credentials,6.4,Cold chain and hygiene,"Addresses the regulatory and reputational risk a distributor is underwriting, which is the belief that carries the most weight and currently has no published answer.",/plant/credentials | /partners/distributor/support,—
6,The Plant,/plant,Static,/,Custom build,Manual + filmed production,Tier 1,Book a plant visit,Check if your territory is open | See our credentials,6.5,The people,"Puts named humans behind the operation, answering the solidity belief that a company will still exist in five years.",/company,"Real photography of actual staff, with permission."
6,The Plant,/plant,Static,/,Custom build,Manual + filmed production,Tier 1,Book a plant visit,Check if your territory is open | See our credentials,6.6,Visitor testimony,"Surfaces third-party accounts of plant tours — evidence Boogies did not write about itself, which is why it outperforms any claim the company could make.",external: Google Business Profile | /partners/distributor/evidence,Curated quotes with attribution plus verified rating. No live API scrape.
6,The Plant,/plant,Static,/,Custom build,Manual + filmed production,Tier 1,Book a plant visit,Check if your territory is open | See our credentials,6.7,Book a visit CTA,Turns the strongest asset into a funnel stage rather than an accident that happens to some prospects and not others.,/plant/visit,Plant visit is bookable from three surfaces sitewide.
6,The Plant,/plant,Static,/,Custom build,Manual + filmed production,Tier 1,Book a plant visit,Check if your territory is open | See our credentials,6.8,Pinned WhatsApp + Call,Floating conversion path for the archetype who will not complete a form. Pre-filled with page context so the sales conversation opens already qualified rather than at zero.,wa.me deep link | tel: link,WhatsApp Business API. Page context injected into the pre-filled message.
6,The Plant,/plant,Static,/,Custom build,Manual + filmed production,Tier 1,Book a plant visit,Check if your territory is open | See our credentials,6.9,Footer,"Standard 4-column footer: Explore | Products | Partner With Us | Contact & Legal. The visible partner email lives in column four and is one of nine sitewide surfaces carrying it, because the relationship-driven distributor archetype bypasses forms and looks for a person.",/ | /company | /plant | /find-boogies | /resources | /products/[tier] x6 | /partners/distributor | /partners/retailer | /partners/van-route | /partners/franchise | /partners/bulk-events | /contact | /privacy | /terms,"Locked template. partners@boogies.in [CONFIRM]. Both entity addresses shown (Icehome Foods, Kerala; Mountbell Foods, Tamil Nadu). Single phone number sitewide — current estate publishes two different numbers."
7,Credentials,/plant/credentials,Static,/plant,Custom build,Client-supplied licences and certifications,Tier 2,Check if your territory is open,Book a plant visit | Download the partner pack,7.1,Sticky Header,"Persistent navigation carrying six slots plus the five-way partner dropdown, so the primary commercial journey is visible at nav level on every page without consuming its own slot.",/ | /products | /plant | /find-boogies | /partners (dropdown x5) | /company | /contact,Distributor listed first and visually weighted in the dropdown.
7,Credentials,/plant/credentials,Static,/plant,Custom build,Client-supplied licences and certifications,Tier 2,Check if your territory is open,Book a plant visit | Download the partner pack,7.2,Breadcrumb,Hierarchical path back to the plant section.,/plant,—
7,Credentials,/plant/credentials,Static,/plant,Custom build,Client-supplied licences and certifications,Tier 2,Check if your territory is open,Book a plant visit | Download the partner pack,7.3,Licence and certification register,"Publishes the regulatory documentation a serious prospect checks before committing capital. Almost nobody in the category publishes any, which makes this a cheap category-leading asset.",—,"FSSAI licence number and any ISO/HACCP certification. Client-supplied. If a credential is not held, it is OMITTED — never implied."
7,Credentials,/plant/credentials,Static,/plant,Custom build,Client-supplied licences and certifications,Tier 2,Check if your territory is open,Book a plant visit | Download the partner pack,7.4,Entity transparency,"Names both legal entities and which one a partner in each state actually contracts with, removing an ambiguity a due-diligence-minded prospect will otherwise raise on a call.",/company,Icehome Foods (Kerala); Mountbell Foods (Tamil Nadu).
7,Credentials,/plant/credentials,Static,/plant,Custom build,Client-supplied licences and certifications,Tier 2,Check if your territory is open,Book a plant visit | Download the partner pack,7.5,Testing and traceability,Describes batch and quality processes so the quality claim has a mechanism behind it.,/plant,Client-supplied detail. Omit sections that cannot be substantiated.
7,Credentials,/plant/credentials,Static,/plant,Custom build,Client-supplied licences and certifications,Tier 2,Check if your territory is open,Book a plant visit | Download the partner pack,7.6,Download CTA,Makes the credential set forwardable to the family or business partner who is not on the site but is in the decision.,/resources/12-questions,—
7,Credentials,/plant/credentials,Static,/plant,Custom build,Client-supplied licences and certifications,Tier 2,Check if your territory is open,Book a plant visit | Download the partner pack,7.7,Pinned WhatsApp + Call,Floating conversion path for the archetype who will not complete a form. Pre-filled with page context so the sales conversation opens already qualified rather than at zero.,wa.me deep link | tel: link,WhatsApp Business API. Page context injected into the pre-filled message.
7,Credentials,/plant/credentials,Static,/plant,Custom build,Client-supplied licences and certifications,Tier 2,Check if your territory is open,Book a plant visit | Download the partner pack,7.8,Footer,"Standard 4-column footer: Explore | Products | Partner With Us | Contact & Legal. The visible partner email lives in column four and is one of nine sitewide surfaces carrying it, because the relationship-driven distributor archetype bypasses forms and looks for a person.",/ | /company | /plant | /find-boogies | /resources | /products/[tier] x6 | /partners/distributor | /partners/retailer | /partners/van-route | /partners/franchise | /partners/bulk-events | /contact | /privacy | /terms,"Locked template. partners@boogies.in [CONFIRM]. Both entity addresses shown (Icehome Foods, Kerala; Mountbell Foods, Tamil Nadu). Single phone number sitewide — current estate publishes two different numbers."
8,Book a Plant Visit,/plant/visit,Static,/plant,Form page,Manual + form,Tier 2,Pick a day this month,WhatsApp us instead,8.1,Sticky Header,"Persistent navigation carrying six slots plus the five-way partner dropdown, so the primary commercial journey is visible at nav level on every page without consuming its own slot.",/ | /products | /plant | /find-boogies | /partners (dropdown x5) | /company | /contact,Distributor listed first and visually weighted in the dropdown.
8,Book a Plant Visit,/plant/visit,Static,/plant,Form page,Manual + form,Tier 2,Pick a day this month,WhatsApp us instead,8.2,Breadcrumb,Hierarchical path back to the plant.,/plant,—
8,Book a Plant Visit,/plant/visit,Static,/plant,Form page,Manual + form,Tier 2,Pick a day this month,WhatsApp us instead,8.3,The invitation,"Frames the visit as an open standing offer rather than a privilege to be requested, matching the behaviour visitors already describe publicly.",/plant,—
8,Book a Plant Visit,/plant/visit,Static,/plant,Form page,Manual + form,Tier 2,Pick a day this month,WhatsApp us instead,8.4,What you will see,Sets expectations for the visit so a prospect can justify the travel to himself and to whoever is funding the decision with him.,/plant | /plant/credentials,—
8,Book a Plant Visit,/plant/visit,Static,/plant,Form page,Manual + form,Tier 2,Pick a day this month,WhatsApp us instead,8.5,Visit request form,"Short intake — name, phone, WhatsApp, town, preferred window. Deliberately shorter than the distributor form because this is a mid-funnel commitment, not a first contact.",—,Writes to CRM with source = plant_visit. Turnstile protected.
8,Book a Plant Visit,/plant/visit,Static,/plant,Form page,Manual + form,Tier 2,Pick a day this month,WhatsApp us instead,8.6,Getting here,"Practical logistics with a map, because a prospect travelling from another district needs to plan around a working day.",/contact,Schema: LocalBusiness. Single verified address and phone.
8,Book a Plant Visit,/plant/visit,Static,/plant,Form page,Manual + form,Tier 2,Pick a day this month,WhatsApp us instead,8.7,Pinned WhatsApp + Call,Floating conversion path for the archetype who will not complete a form. Pre-filled with page context so the sales conversation opens already qualified rather than at zero.,wa.me deep link | tel: link,WhatsApp Business API. Page context injected into the pre-filled message.
8,Book a Plant Visit,/plant/visit,Static,/plant,Form page,Manual + form,Tier 2,Pick a day this month,WhatsApp us instead,8.8,Footer,"Standard 4-column footer: Explore | Products | Partner With Us | Contact & Legal. The visible partner email lives in column four and is one of nine sitewide surfaces carrying it, because the relationship-driven distributor archetype bypasses forms and looks for a person.",/ | /company | /plant | /find-boogies | /resources | /products/[tier] x6 | /partners/distributor | /partners/retailer | /partners/van-route | /partners/franchise | /partners/bulk-events | /contact | /privacy | /terms,"Locked template. partners@boogies.in [CONFIRM]. Both entity addresses shown (Icehome Foods, Kerala; Mountbell Foods, Tamil Nadu). Single phone number sitewide — current estate publishes two different numbers."
9,Find Boogies — Locator Index,/find-boogies,Static index,/,Locator,CMS Outlet collection,Tier 2,Find your nearest Tasty Point,No Tasty Point near you? Become one,9.1,Sticky Header,"Persistent navigation carrying six slots plus the five-way partner dropdown, so the primary commercial journey is visible at nav level on every page without consuming its own slot.",/ | /products | /plant | /find-boogies | /partners (dropdown x5) | /company | /contact,Distributor listed first and visually weighted in the dropdown.
9,Find Boogies — Locator Index,/find-boogies,Static index,/,Locator,CMS Outlet collection,Tier 2,Find your nearest Tasty Point,No Tasty Point near you? Become one,9.2,Search and map,Consumer discovery for a question the current site cannot answer — seventeen towns are published as unstructured text with no addresses and no locator.,/find-boogies/[district],Client-side filter over statically generated district pages.
9,Find Boogies — Locator Index,/find-boogies,Static index,/,Locator,CMS Outlet collection,Tier 2,Find your nearest Tasty Point,No Tasty Point near you? Become one,9.3,District index,Provides crawlable text links to every district so the locator layer is indexable rather than trapped behind a map widget.,/find-boogies/[district] x17+,—
9,Find Boogies — Locator Index,/find-boogies,Static index,/,Locator,CMS Outlet collection,Tier 2,Find your nearest Tasty Point,No Tasty Point near you? Become one,9.4,Zero-result state,"Converts a failed search instead of dead-ending it, and logs the searched town as a market-gap signal the sales team can act on.",/partners/retailer | /partners/distributor,Every zero-result search records a town with no coverage. Fires locator_no_result event.
9,Find Boogies — Locator Index,/find-boogies,Static index,/,Locator,CMS Outlet collection,Tier 2,Find your nearest Tasty Point,No Tasty Point near you? Become one,9.5,Coverage summary,States the footprint as evidence of reach for the trade audience reading the same page.,/partners/distributor/evidence,Real outlet counts only. Block omitted entirely if outlet data is incomplete.
9,Find Boogies — Locator Index,/find-boogies,Static index,/,Locator,CMS Outlet collection,Tier 2,Find your nearest Tasty Point,No Tasty Point near you? Become one,9.6,Pinned WhatsApp + Call,Floating conversion path for the archetype who will not complete a form. Pre-filled with page context so the sales conversation opens already qualified rather than at zero.,wa.me deep link | tel: link,WhatsApp Business API. Page context injected into the pre-filled message.
9,Find Boogies — Locator Index,/find-boogies,Static index,/,Locator,CMS Outlet collection,Tier 2,Find your nearest Tasty Point,No Tasty Point near you? Become one,9.7,Footer,"Standard 4-column footer: Explore | Products | Partner With Us | Contact & Legal. The visible partner email lives in column four and is one of nine sitewide surfaces carrying it, because the relationship-driven distributor archetype bypasses forms and looks for a person.",/ | /company | /plant | /find-boogies | /resources | /products/[tier] x6 | /partners/distributor | /partners/retailer | /partners/van-route | /partners/franchise | /partners/bulk-events | /contact | /privacy | /terms,"Locked template. partners@boogies.in [CONFIRM]. Both entity addresses shown (Icehome Foods, Kerala; Mountbell Foods, Tamil Nadu). Single phone number sitewide — current estate publishes two different numbers."
10,Locator District Template,/find-boogies/[district],Dynamic Template,/find-boogies,Locator District,CMS Outlet entries filtered by district,Tier 2,Get directions,No Tasty Point near you? Become one,10.1,Sticky Header,"Persistent navigation carrying six slots plus the five-way partner dropdown, so the primary commercial journey is visible at nav level on every page without consuming its own slot.",/ | /products | /plant | /find-boogies | /partners (dropdown x5) | /company | /contact,Distributor listed first and visually weighted in the dropdown.
10,Locator District Template,/find-boogies/[district],Dynamic Template,/find-boogies,Locator District,CMS Outlet entries filtered by district,Tier 2,Get directions,No Tasty Point near you? Become one,10.2,Breadcrumb,Hierarchical path back to the locator index.,/find-boogies,—
10,Locator District Template,/find-boogies/[district],Dynamic Template,/find-boogies,Locator District,CMS Outlet entries filtered by district,Tier 2,Get directions,No Tasty Point near you? Become one,10.3,District hero,Names the town in plain language for local search intent and confirms the visitor is in the right place.,—,Correct spelling per official district names.
10,Locator District Template,/find-boogies/[district],Dynamic Template,/find-boogies,Locator District,CMS Outlet entries filtered by district,Tier 2,Get directions,No Tasty Point near you? Become one,10.4,Outlet list,Structured outlet data with addresses and directions — the deliverable that makes the locator real and which requires a field data-collection workstream to exist at all.,external: map directions,Schema: LocalBusiness per outlet. Phased data collection.
10,Locator District Template,/find-boogies/[district],Dynamic Template,/find-boogies,Locator District,CMS Outlet entries filtered by district,Tier 2,Get directions,No Tasty Point near you? Become one,10.5,Adjacent districts,Lateral discovery for a consumer near a district boundary.,/find-boogies/[district] x3,"Corridor adjacency, not alphabetical."
10,Locator District Template,/find-boogies/[district],Dynamic Template,/find-boogies,Locator District,CMS Outlet entries filtered by district,Tier 2,Get directions,No Tasty Point near you? Become one,10.6,Become a stockist,Captures retail supply intent from a page a shop owner is likely to land on when checking whether the brand is already nearby.,/partners/retailer,—
10,Locator District Template,/find-boogies/[district],Dynamic Template,/find-boogies,Locator District,CMS Outlet entries filtered by district,Tier 2,Get directions,No Tasty Point near you? Become one,10.7,Trade cross-link,Routes a trade visitor to the distributorship page for the same district without duplicating its content here.,/distributorship/[state]/[district],"No cross-canonical — different intents, content must stay distinct."
10,Locator District Template,/find-boogies/[district],Dynamic Template,/find-boogies,Locator District,CMS Outlet entries filtered by district,Tier 2,Get directions,No Tasty Point near you? Become one,10.8,Pinned WhatsApp + Call,Floating conversion path for the archetype who will not complete a form. Pre-filled with page context so the sales conversation opens already qualified rather than at zero.,wa.me deep link | tel: link,WhatsApp Business API. Page context injected into the pre-filled message.
10,Locator District Template,/find-boogies/[district],Dynamic Template,/find-boogies,Locator District,CMS Outlet entries filtered by district,Tier 2,Get directions,No Tasty Point near you? Become one,10.9,Footer,"Standard 4-column footer: Explore | Products | Partner With Us | Contact & Legal. The visible partner email lives in column four and is one of nine sitewide surfaces carrying it, because the relationship-driven distributor archetype bypasses forms and looks for a person.",/ | /company | /plant | /find-boogies | /resources | /products/[tier] x6 | /partners/distributor | /partners/retailer | /partners/van-route | /partners/franchise | /partners/bulk-events | /contact | /privacy | /terms,"Locked template. partners@boogies.in [CONFIRM]. Both entity addresses shown (Icehome Foods, Kerala; Mountbell Foods, Tamil Nadu). Single phone number sitewide — current estate publishes two different numbers."
11,Distributorship State Template,/distributorship/[state],Dynamic Template,/partners/distributor,Trade State,Manual + CMS District relations,Tier 1 (trade SEO),Check if your territory is open,Download the partner pack | WhatsApp us,11.1,Sticky Header,"Persistent navigation carrying six slots plus the five-way partner dropdown, so the primary commercial journey is visible at nav level on every page without consuming its own slot.",/ | /products | /plant | /find-boogies | /partners (dropdown x5) | /company | /contact,Distributor listed first and visually weighted in the dropdown.
11,Distributorship State Template,/distributorship/[state],Dynamic Template,/partners/distributor,Trade State,Manual + CMS District relations,Tier 1 (trade SEO),Check if your territory is open,Download the partner pack | WhatsApp us,11.2,State hero,Targets the higher-volume state-level trade query and establishes which legal entity a partner in this state contracts with before any form is touched.,/partners/distributor,Kerala routes to Icehome Foods; Tamil Nadu to Mountbell Foods.
11,Distributorship State Template,/distributorship/[state],Dynamic Template,/partners/distributor,Trade State,Manual + CMS District relations,Tier 1 (trade SEO),Check if your territory is open,Download the partner pack | WhatsApp us,11.3,Territory status overview,"Shows allocated versus open areas at state level, which is the question a prospect is actually searching with and which no competitor answers anywhere.",/distributorship/[state]/[district] x8,Depends on client supplying territory data. Structure ships even if figures do not.
11,Distributorship State Template,/distributorship/[state],Dynamic Template,/partners/distributor,Trade State,Manual + CMS District relations,Tier 1 (trade SEO),Check if your territory is open,Download the partner pack | WhatsApp us,11.4,"Why this state, now","Localises the opportunity argument — corridor logistics, existing footprint, and what remains unserved.",/partners/distributor/evidence,—
11,Distributorship State Template,/distributorship/[state],Dynamic Template,/partners/distributor,Trade State,Manual + CMS District relations,Tier 1 (trade SEO),Check if your territory is open,Download the partner pack | WhatsApp us,11.5,District index,"Crawlable links into every district page, distributing equity across the trade layer.",/distributorship/[state]/[district] x8,—
11,Distributorship State Template,/distributorship/[state],Dynamic Template,/partners/distributor,Trade State,Manual + CMS District relations,Tier 1 (trade SEO),Check if your territory is open,Download the partner pack | WhatsApp us,11.6,Territory check CTA,"Primary conversion, placed after the territory argument rather than before it.",/partners/distributor/territory,Step 1 form.
11,Distributorship State Template,/distributorship/[state],Dynamic Template,/partners/distributor,Trade State,Manual + CMS District relations,Tier 1 (trade SEO),Check if your territory is open,Download the partner pack | WhatsApp us,11.7,Pinned WhatsApp + Call,Floating conversion path for the archetype who will not complete a form. Pre-filled with page context so the sales conversation opens already qualified rather than at zero.,wa.me deep link | tel: link,WhatsApp Business API. Page context injected into the pre-filled message.
11,Distributorship State Template,/distributorship/[state],Dynamic Template,/partners/distributor,Trade State,Manual + CMS District relations,Tier 1 (trade SEO),Check if your territory is open,Download the partner pack | WhatsApp us,11.8,Footer,"Standard 4-column footer: Explore | Products | Partner With Us | Contact & Legal. The visible partner email lives in column four and is one of nine sitewide surfaces carrying it, because the relationship-driven distributor archetype bypasses forms and looks for a person.",/ | /company | /plant | /find-boogies | /resources | /products/[tier] x6 | /partners/distributor | /partners/retailer | /partners/van-route | /partners/franchise | /partners/bulk-events | /contact | /privacy | /terms,"Locked template. partners@boogies.in [CONFIRM]. Both entity addresses shown (Icehome Foods, Kerala; Mountbell Foods, Tamil Nadu). Single phone number sitewide — current estate publishes two different numbers."
12,Distributorship District Template,/distributorship/[state]/[district],Dynamic Template,/distributorship/[state],Trade District,Manual + CMS District entry,Tier 1 (trade SEO),Check if your territory is open,Book a plant visit | Download the partner pack,12.1,Sticky Header,"Persistent navigation carrying six slots plus the five-way partner dropdown, so the primary commercial journey is visible at nav level on every page without consuming its own slot.",/ | /products | /plant | /find-boogies | /partners (dropdown x5) | /company | /contact,Distributor listed first and visually weighted in the dropdown.
12,Distributorship District Template,/distributorship/[state]/[district],Dynamic Template,/distributorship/[state],Trade District,Manual + CMS District entry,Tier 1 (trade SEO),Check if your territory is open,Book a plant visit | Download the partner pack,12.2,Breadcrumb,Path back to state and to the distributor section.,/partners/distributor | /distributorship/[state],Schema: BreadcrumbList.
12,Distributorship District Template,/distributorship/[state]/[district],Dynamic Template,/distributorship/[state],Trade District,Manual + CMS District entry,Tier 1 (trade SEO),Check if your territory is open,Book a plant visit | Download the partner pack,12.3,District hero with territory status,Answers the exact query the prospect typed and states plainly whether the territory is open — the single thing the entire category refuses to publish.,—,"Renders 'open', 'partially allocated' or 'allocated' from CMS territory status."
12,Distributorship District Template,/distributorship/[state]/[district],Dynamic Template,/distributorship/[state],Trade District,Manual + CMS District entry,Tier 1 (trade SEO),Check if your territory is open,Book a plant visit | Download the partner pack,12.4,Sell-through evidence for this district,"Localises belief one. Outlet counts and retailer proof in his own towns, because national claims do not answer whether stock moves on his route.",/find-boogies/[district] | /partners/distributor/evidence,Real counts only. Section omitted where district data is not yet collected.
12,Distributorship District Template,/distributorship/[state]/[district],Dynamic Template,/distributorship/[state],Trade District,Manual + CMS District entry,Tier 1 (trade SEO),Check if your territory is open,Book a plant visit | Download the partner pack,12.5,The tier ladder in brief,Compresses the margin argument for a visitor who arrived here and will never see the homepage or the economics page unless linked.,/partners/distributor/economics,—
12,Distributorship District Template,/distributorship/[state]/[district],Dynamic Template,/distributorship/[state],Trade District,Manual + CMS District entry,Tier 1 (trade SEO),Check if your territory is open,Book a plant visit | Download the partner pack,12.6,Plant proximity and logistics,"States distance and delivery viability from Kannamangalam, which is the practical constraint that determines whether this territory can be served at all.",/plant | /partners/distributor/support,Corridor logic drives which districts exist.
12,Distributorship District Template,/distributorship/[state]/[district],Dynamic Template,/distributorship/[state],Trade District,Manual + CMS District entry,Tier 1 (trade SEO),Check if your territory is open,Book a plant visit | Download the partner pack,12.7,Local proof,"Retailer or distributor testimony naming this district, which is the only form of proof that survives the 'nobody is asking for it' objection.",/partners/distributor/evidence,Real named testimonials with permission. Omitted where none exist.
12,Distributorship District Template,/distributorship/[state]/[district],Dynamic Template,/distributorship/[state],Trade District,Manual + CMS District entry,Tier 1 (trade SEO),Check if your territory is open,Book a plant visit | Download the partner pack,12.8,Territory check CTA,"Primary conversion with the district pre-filled, removing the highest-friction field.",/partners/distributor/territory,District pre-populates Step 1.
12,Distributorship District Template,/distributorship/[state]/[district],Dynamic Template,/distributorship/[state],Trade District,Manual + CMS District entry,Tier 1 (trade SEO),Check if your territory is open,Book a plant visit | Download the partner pack,12.9,Adjacent districts,"Lateral discovery along the reefer corridor, mirroring how the footprint actually grew.",/distributorship/[state]/[district] x3,"Corridor adjacency, not alphabetical."
12,Distributorship District Template,/distributorship/[state]/[district],Dynamic Template,/distributorship/[state],Trade District,Manual + CMS District entry,Tier 1 (trade SEO),Check if your territory is open,Book a plant visit | Download the partner pack,12.10,Pinned WhatsApp + Call,Floating conversion path for the archetype who will not complete a form. Pre-filled with page context so the sales conversation opens already qualified rather than at zero.,wa.me deep link | tel: link,WhatsApp Business API. Page context injected into the pre-filled message.
12,Distributorship District Template,/distributorship/[state]/[district],Dynamic Template,/distributorship/[state],Trade District,Manual + CMS District entry,Tier 1 (trade SEO),Check if your territory is open,Book a plant visit | Download the partner pack,12.11,Footer,"Standard 4-column footer: Explore | Products | Partner With Us | Contact & Legal. The visible partner email lives in column four and is one of nine sitewide surfaces carrying it, because the relationship-driven distributor archetype bypasses forms and looks for a person.",/ | /company | /plant | /find-boogies | /resources | /products/[tier] x6 | /partners/distributor | /partners/retailer | /partners/van-route | /partners/franchise | /partners/bulk-events | /contact | /privacy | /terms,"Locked template. partners@boogies.in [CONFIRM]. Both entity addresses shown (Icehome Foods, Kerala; Mountbell Foods, Tamil Nadu). Single phone number sitewide — current estate publishes two different numbers."
13,Partner With Us — Router,/partners,Static,/,Router,Manual,Tier 1,Partner with Boogies,WhatsApp us | Download the partner pack,13.1,Sticky Header,"Persistent navigation carrying six slots plus the five-way partner dropdown, so the primary commercial journey is visible at nav level on every page without consuming its own slot.",/ | /products | /plant | /find-boogies | /partners (dropdown x5) | /company | /contact,Distributor listed first and visually weighted in the dropdown.
13,Partner With Us — Router,/partners,Static,/,Router,Manual,Tier 1,Partner with Boogies,WhatsApp us | Download the partner pack,13.2,Router hero,"Sorts five commercial audiences in one question, so nobody reads a page written for somebody else. Three audiences cannot share one form or one page.",—,Mirrors the five-option interest field in the enquiry form.
13,Partner With Us — Router,/partners,Static,/,Router,Manual,Tier 1,Partner with Boogies,WhatsApp us | Download the partner pack,13.3,Five journey cards,"Each card states who it is for and what the commitment looks like, so self-selection happens before the form rather than during a wasted sales call.",/partners/distributor | /partners/retailer | /partners/van-route | /partners/franchise | /partners/bulk-events,Distributor weighted first — it is the site's primary commercial goal.
13,Partner With Us — Router,/partners,Static,/,Router,Manual,Tier 1,Partner with Boogies,WhatsApp us | Download the partner pack,13.4,The ladder,"Makes the graduated entry route explicit — retailer, then van operator, then territory — so a prospect who cannot meet the distributor filter is routed rather than rejected.",/partners/van-route | /partners/retailer,Depends on client confirming the van line is active and supportable.
13,Partner With Us — Router,/partners,Static,/,Router,Manual,Tier 1,Partner with Boogies,WhatsApp us | Download the partner pack,13.5,Response commitment,"Publishes the 24-hour contact promise, matching the only competitor in the category that makes one and underwriting it with automation rather than intention.",—,Underwritten by instant WhatsApp acknowledgement and 4-hour escalation.
13,Partner With Us — Router,/partners,Static,/,Router,Manual,Tier 1,Partner with Boogies,WhatsApp us | Download the partner pack,13.6,Direct contact block,"Visible email, phone and WhatsApp for the archetype who will not use a form at all.",/contact,One of nine sitewide surfaces carrying the visible partner email.
13,Partner With Us — Router,/partners,Static,/,Router,Manual,Tier 1,Partner with Boogies,WhatsApp us | Download the partner pack,13.7,Pinned WhatsApp + Call,Floating conversion path for the archetype who will not complete a form. Pre-filled with page context so the sales conversation opens already qualified rather than at zero.,wa.me deep link | tel: link,WhatsApp Business API. Page context injected into the pre-filled message.
13,Partner With Us — Router,/partners,Static,/,Router,Manual,Tier 1,Partner with Boogies,WhatsApp us | Download the partner pack,13.8,Footer,"Standard 4-column footer: Explore | Products | Partner With Us | Contact & Legal. The visible partner email lives in column four and is one of nine sitewide surfaces carrying it, because the relationship-driven distributor archetype bypasses forms and looks for a person.",/ | /company | /plant | /find-boogies | /resources | /products/[tier] x6 | /partners/distributor | /partners/retailer | /partners/van-route | /partners/franchise | /partners/bulk-events | /contact | /privacy | /terms,"Locked template. partners@boogies.in [CONFIRM]. Both entity addresses shown (Icehome Foods, Kerala; Mountbell Foods, Tamil Nadu). Single phone number sitewide — current estate publishes two different numbers."
14,Become a Distributor,/partners/distributor,Static,/partners,Custom build,Manual,Tier 1,Check if your territory is open,Book a plant visit | Download the partner pack,14.1,Sticky Header,"Persistent navigation carrying six slots plus the five-way partner dropdown, so the primary commercial journey is visible at nav level on every page without consuming its own slot.",/ | /products | /plant | /find-boogies | /partners (dropdown x5) | /company | /contact,Distributor listed first and visually weighted in the dropdown.
14,Become a Distributor,/partners/distributor,Static,/partners,Custom build,Manual,Tier 1,Check if your territory is open,Book a plant visit | Download the partner pack,14.2,Hero — the prospect's situation,"Opens on his position, not on the brand. The category's best distributor page opens with brand voice on a trade page; this one names the idle freezer and the open territory.",/partners/distributor/territory,Never opens with company history.
14,Become a Distributor,/partners/distributor,Static,/partners,Custom build,Manual,Tier 1,Check if your territory is open,Book a plant visit | Download the partner pack,14.3,The honest trade-off,"States plainly what Boogies does not have — consumer pull, national scale — before claiming anything, because a distributor who has been oversold before trusts the comparison that concedes.",/partners/distributor/economics,Never name a competitor. Use the category as an unnamed benchmark.
14,Become a Distributor,/partners/distributor,Static,/partners,Custom build,Manual,Tier 1,Check if your territory is open,Book a plant visit | Download the partner pack,14.4,Evidence block,"Belief one, placed before any commercial term. A prospect who does not believe the product sells never reaches the margin question, so sequencing is structural here.",/partners/distributor/evidence,Hard sequencing rule: evidence precedes economics.
14,Become a Distributor,/partners/distributor,Static,/partners,Custom build,Manual,Tier 1,Check if your territory is open,Book a plant visit | Download the partner pack,14.5,The five answers,"Summarises what the section publishes — evidence, economics, territory, support, process — which is more than any competitor answers anywhere in the category.",/partners/distributor/evidence | /partners/distributor/economics | /partners/distributor/territory | /partners/distributor/support | /partners/distributor/process,—
14,Become a Distributor,/partners/distributor,Static,/partners,Custom build,Manual,Tier 1,Check if your territory is open,Book a plant visit | Download the partner pack,14.6,"Qualification, stated openly","Publishes what Boogies is looking for, so a mismatched prospect self-selects out and a well-matched one recognises himself.",/partners/van-route,"Routes rather than rejects: capital or route-book gaps go to the van tier, not out the door."
14,Become a Distributor,/partners/distributor,Static,/partners,Custom build,Manual,Tier 1,Check if your territory is open,Book a plant visit | Download the partner pack,14.7,Plant invitation,"The verification close, available at every stage rather than held to the end.",/plant/visit,—
14,Become a Distributor,/partners/distributor,Static,/partners,Custom build,Manual,Tier 1,Check if your territory is open,Book a plant visit | Download the partner pack,14.8,Territory check CTA,Primary conversion.,/partners/distributor/territory,Step 1 form: 7 fields.
14,Become a Distributor,/partners/distributor,Static,/partners,Custom build,Manual,Tier 1,Check if your territory is open,Book a plant visit | Download the partner pack,14.9,Direct contact,Visible email and WhatsApp for the relationship-driven archetype.,/contact,Visible email surface.
14,Become a Distributor,/partners/distributor,Static,/partners,Custom build,Manual,Tier 1,Check if your territory is open,Book a plant visit | Download the partner pack,14.10,Pinned WhatsApp + Call,Floating conversion path for the archetype who will not complete a form. Pre-filled with page context so the sales conversation opens already qualified rather than at zero.,wa.me deep link | tel: link,WhatsApp Business API. Page context injected into the pre-filled message.
14,Become a Distributor,/partners/distributor,Static,/partners,Custom build,Manual,Tier 1,Check if your territory is open,Book a plant visit | Download the partner pack,14.11,Footer,"Standard 4-column footer: Explore | Products | Partner With Us | Contact & Legal. The visible partner email lives in column four and is one of nine sitewide surfaces carrying it, because the relationship-driven distributor archetype bypasses forms and looks for a person.",/ | /company | /plant | /find-boogies | /resources | /products/[tier] x6 | /partners/distributor | /partners/retailer | /partners/van-route | /partners/franchise | /partners/bulk-events | /contact | /privacy | /terms,"Locked template. partners@boogies.in [CONFIRM]. Both entity addresses shown (Icehome Foods, Kerala; Mountbell Foods, Tamil Nadu). Single phone number sitewide — current estate publishes two different numbers."
15,The Evidence,/partners/distributor/evidence,Static,/partners/distributor,Custom build,Client order book + CMS Outlet data + testimonials,Tier 1,Check if your territory is open,Book a plant visit,15.1,Sticky Header,"Persistent navigation carrying six slots plus the five-way partner dropdown, so the primary commercial journey is visible at nav level on every page without consuming its own slot.",/ | /products | /plant | /find-boogies | /partners (dropdown x5) | /company | /contact,Distributor listed first and visually weighted in the dropdown.
15,The Evidence,/partners/distributor/evidence,Static,/partners/distributor,Custom build,Client order book + CMS Outlet data + testimonials,Tier 1,Check if your territory is open,Book a plant visit,15.2,Breadcrumb,Path back to the distributor section.,/partners/distributor,—
15,The Evidence,/partners/distributor/evidence,Static,/partners/distributor,Custom build,Client order book + CMS Outlet data + testimonials,Tier 1,Check if your territory is open,Book a plant visit,15.3,"Sell-through, by town",The highest-priority asset in the entire project and the one that does not currently exist. Answers the fear underneath every other question: will the stock move.,/find-boogies/[district],Requires order-book access. Real figures only — the block is OMITTED rather than estimated if data is unavailable.
15,The Evidence,/partners/distributor/evidence,Static,/partners/distributor,Custom build,Client order book + CMS Outlet data + testimonials,Tier 1,Check if your territory is open,Book a plant visit,15.4,Third-party verification,"Public ratings and review volume that Boogies did not author, which is why they outperform anything the company says about itself.",external: Google Business Profile | /plant,Curated quotes with attribution plus verified rating and count. No live API scrape.
15,The Evidence,/partners/distributor/evidence,Static,/partners/distributor,Custom build,Client order book + CMS Outlet data + testimonials,Tier 1,Check if your territory is open,Book a plant visit,15.5,Retailer testimony,Named shopkeepers in named towns. The 'nobody is asking for it' objection cannot be answered with adjectives and attempting it damages credibility.,/find-boogies/[district],"Real named retailers with permission, ideally on video."
15,The Evidence,/partners/distributor/evidence,Static,/partners/distributor,Custom build,Client order book + CMS Outlet data + testimonials,Tier 1,Check if your territory is open,Book a plant visit,15.6,Repeat demand without advertising,Reframes the no-advertising history as evidence of genuine repeat demand rather than campaign-driven trial — and therefore as the reason territory remains available.,/partners/distributor/territory,The reframe must always carry supporting evidence.
15,The Evidence,/partners/distributor/evidence,Static,/partners/distributor,Custom build,Client order book + CMS Outlet data + testimonials,Tier 1,Check if your territory is open,Book a plant visit,15.7,Format performance,"Shows which tiers move in which channel, so a distributor can model his own route rather than guess.",/products/[tier] | /partners/distributor/economics,Client-supplied. Omit if absent.
15,The Evidence,/partners/distributor/evidence,Static,/partners/distributor,Custom build,Client order book + CMS Outlet data + testimonials,Tier 1,Check if your territory is open,Book a plant visit,15.8,Next step,Moves the believer forward to the economics page in the correct belief order.,/partners/distributor/economics,Editorial link outranks CTA here by design.
15,The Evidence,/partners/distributor/evidence,Static,/partners/distributor,Custom build,Client order book + CMS Outlet data + testimonials,Tier 1,Check if your territory is open,Book a plant visit,15.9,Pinned WhatsApp + Call,Floating conversion path for the archetype who will not complete a form. Pre-filled with page context so the sales conversation opens already qualified rather than at zero.,wa.me deep link | tel: link,WhatsApp Business API. Page context injected into the pre-filled message.
15,The Evidence,/partners/distributor/evidence,Static,/partners/distributor,Custom build,Client order book + CMS Outlet data + testimonials,Tier 1,Check if your territory is open,Book a plant visit,15.10,Footer,"Standard 4-column footer: Explore | Products | Partner With Us | Contact & Legal. The visible partner email lives in column four and is one of nine sitewide surfaces carrying it, because the relationship-driven distributor archetype bypasses forms and looks for a person.",/ | /company | /plant | /find-boogies | /resources | /products/[tier] x6 | /partners/distributor | /partners/retailer | /partners/van-route | /partners/franchise | /partners/bulk-events | /contact | /privacy | /terms,"Locked template. partners@boogies.in [CONFIRM]. Both entity addresses shown (Icehome Foods, Kerala; Mountbell Foods, Tamil Nadu). Single phone number sitewide — current estate publishes two different numbers."
16,The Economics,/partners/distributor/economics,Static,/partners/distributor,Custom build,Client commercial policy [BLOCKED — pending client decision],Tier 1,Check if your territory is open,Download the partner pack | WhatsApp us,16.1,Sticky Header,"Persistent navigation carrying six slots plus the five-way partner dropdown, so the primary commercial journey is visible at nav level on every page without consuming its own slot.",/ | /products | /plant | /find-boogies | /partners (dropdown x5) | /company | /contact,Distributor listed first and visually weighted in the dropdown.
16,The Economics,/partners/distributor/economics,Static,/partners/distributor,Custom build,Client commercial policy [BLOCKED — pending client decision],Tier 1,Check if your territory is open,Download the partner pack | WhatsApp us,16.2,Breadcrumb,Path back to the distributor section.,/partners/distributor,—
16,The Economics,/partners/distributor/economics,Static,/partners/distributor,Custom build,Client commercial policy [BLOCKED — pending client decision],Tier 1,Check if your territory is open,Download the partner pack | WhatsApp us,16.3,Evidence recap,"Re-states belief one in one block, because a visitor arriving here from search has not passed through the evidence page and must not reach terms first.",/partners/distributor/evidence,Enforces the sequencing rule for direct entries.
16,The Economics,/partners/distributor/economics,Static,/partners/distributor,Custom build,Client commercial policy [BLOCKED — pending client decision],Tier 1,Check if your territory is open,Download the partner pack | WhatsApp us,16.4,The tier ladder,"Shows the published price spread and what it means: higher absolute value per unit means higher absolute margin per unit moved, which is the number distributors calculate.",/products/bulk-party-packs,Uses the published price ladder. [CONFIRM] whether the list remains public.
16,The Economics,/partners/distributor/economics,Static,/partners/distributor,Custom build,Client commercial policy [BLOCKED — pending client decision],Tier 1,Check if your territory is open,Download the partner pack | WhatsApp us,16.5,Margin structure,The single highest-value block on the site. Publishing a margin position would place Boogies alone in the category. Ships as structure-without-numbers if the client will not publish figures.,/partners/distributor/support,BLOCKED on client decision. Fallback: state that margin is set by format tier and that the premium range carries materially higher absolute margin — without figures.
16,The Economics,/partners/distributor/economics,Static,/partners/distributor,Custom build,Client commercial policy [BLOCKED — pending client decision],Tier 1,Check if your territory is open,Download the partner pack | WhatsApp us,16.6,Worked example,"Turns percentage thinking into arithmetic — same van, same route, same driver, different value per unit.",/products/[tier]/[sku],Illustrative structure only. No fabricated earnings figures.
16,The Economics,/partners/distributor/economics,Static,/partners/distributor,Custom build,Client commercial policy [BLOCKED — pending client decision],Tier 1,Check if your territory is open,Download the partner pack | WhatsApp us,16.7,What you do not pay,"States the absence of franchise fees, royalties and marketing levies, which is the strongest arithmetic available against the national franchise alternatives.",/partners/franchise,[CONFIRM] internally that Boogies charges neither.
16,The Economics,/partners/distributor/economics,Static,/partners/distributor,Custom build,Client commercial policy [BLOCKED — pending client decision],Tier 1,Check if your territory is open,Download the partner pack | WhatsApp us,16.8,Exclusive line as margin protection,"Positions the restricted range as protection against the shop next door undercutting the partner, rather than as a product story.",/boogie-woogie,—
16,The Economics,/partners/distributor/economics,Static,/partners/distributor,Custom build,Client commercial policy [BLOCKED — pending client decision],Tier 1,Check if your territory is open,Download the partner pack | WhatsApp us,16.9,Territory check CTA,Primary conversion at the point of highest commercial interest.,/partners/distributor/territory,—
16,The Economics,/partners/distributor/economics,Static,/partners/distributor,Custom build,Client commercial policy [BLOCKED — pending client decision],Tier 1,Check if your territory is open,Download the partner pack | WhatsApp us,16.10,Pinned WhatsApp + Call,Floating conversion path for the archetype who will not complete a form. Pre-filled with page context so the sales conversation opens already qualified rather than at zero.,wa.me deep link | tel: link,WhatsApp Business API. Page context injected into the pre-filled message.
16,The Economics,/partners/distributor/economics,Static,/partners/distributor,Custom build,Client commercial policy [BLOCKED — pending client decision],Tier 1,Check if your territory is open,Download the partner pack | WhatsApp us,16.11,Footer,"Standard 4-column footer: Explore | Products | Partner With Us | Contact & Legal. The visible partner email lives in column four and is one of nine sitewide surfaces carrying it, because the relationship-driven distributor archetype bypasses forms and looks for a person.",/ | /company | /plant | /find-boogies | /resources | /products/[tier] x6 | /partners/distributor | /partners/retailer | /partners/van-route | /partners/franchise | /partners/bulk-events | /contact | /privacy | /terms,"Locked template. partners@boogies.in [CONFIRM]. Both entity addresses shown (Icehome Foods, Kerala; Mountbell Foods, Tamil Nadu). Single phone number sitewide — current estate publishes two different numbers."
17,Territory,/partners/distributor/territory,Static,/partners/distributor,Form page + map,Client territory policy [BLOCKED — pending client decision],Tier 1,Check if your territory is open,WhatsApp us | Book a plant visit,17.1,Sticky Header,"Persistent navigation carrying six slots plus the five-way partner dropdown, so the primary commercial journey is visible at nav level on every page without consuming its own slot.",/ | /products | /plant | /find-boogies | /partners (dropdown x5) | /company | /contact,Distributor listed first and visually weighted in the dropdown.
17,Territory,/partners/distributor/territory,Static,/partners/distributor,Form page + map,Client territory policy [BLOCKED — pending client decision],Tier 1,Check if your territory is open,WhatsApp us | Book a plant visit,17.2,Breadcrumb,Path back to the distributor section.,/partners/distributor,—
17,Territory,/partners/distributor/territory,Static,/partners/distributor,Form page + map,Client territory policy [BLOCKED — pending client decision],Tier 1,Check if your territory is open,WhatsApp us | Book a plant visit,17.3,Territory hero,"Carries the site's primary CTA at its natural home. The question the prospect most wants answered is one Boogies answers, reversing the category norm of asking him to disclose first.",—,—
17,Territory,/partners/distributor/territory,Static,/partners/distributor,Form page + map,Client territory policy [BLOCKED — pending client decision],Tier 1,Check if your territory is open,WhatsApp us | Book a plant visit,17.4,Open versus allocated map,"Visualises where opportunity actually exists, which is the practical form of the territory answer and something no competitor publishes.",/distributorship/[state]/[district],BLOCKED on client territory data. Structure ships; status values populate later.
17,Territory,/partners/distributor/territory,Static,/partners/distributor,Form page + map,Client territory policy [BLOCKED — pending client decision],Tier 1,Check if your territory is open,WhatsApp us | Book a plant visit,17.5,Exclusivity policy,Answers the objection that kills deals silently — what stops a second distributor appearing once the town is built. There is no rhetorical answer to this one.,/partners/distributor/support,"BLOCKED on client commercial policy. Fallback: state that territories are allocated exclusively, without publishing the terms."
17,Territory,/partners/distributor/territory,Static,/partners/distributor,Form page + map,Client territory policy [BLOCKED — pending client decision],Tier 1,Check if your territory is open,WhatsApp us | Book a plant visit,17.6,Channel policy,"States the position on selling direct through quick-commerce platforms. The category leader already runs its own rapid delivery, so this is a live objection rather than a hypothetical one.",/partners/distributor/support,Requires a client decision before launch.
17,Territory,/partners/distributor/territory,Static,/partners/distributor,Form page + map,Client territory policy [BLOCKED — pending client decision],Tier 1,Check if your territory is open,WhatsApp us | Book a plant visit,17.7,Step 1 form,"Seven fields: name, phone, WhatsApp captured separately, interest type, state, district, target town. Creates the lead immediately and fires acknowledgement before Step 2 renders.",/thank-you/[type],Partial capture is architectural. Turnstile protected. State determines which entity owns the lead.
17,Territory,/partners/distributor/territory,Static,/partners/distributor,Form page + map,Client territory policy [BLOCKED — pending client decision],Tier 1,Check if your territory is open,WhatsApp us | Book a plant visit,17.8,Response commitment,"Restates the 24-hour promise at the point of submission, where it does the most work.",—,Underwritten by 4-hour escalation on unclaimed leads.
17,Territory,/partners/distributor/territory,Static,/partners/distributor,Form page + map,Client territory policy [BLOCKED — pending client decision],Tier 1,Check if your territory is open,WhatsApp us | Book a plant visit,17.9,Pinned WhatsApp + Call,Floating conversion path for the archetype who will not complete a form. Pre-filled with page context so the sales conversation opens already qualified rather than at zero.,wa.me deep link | tel: link,WhatsApp Business API. Page context injected into the pre-filled message.
17,Territory,/partners/distributor/territory,Static,/partners/distributor,Form page + map,Client territory policy [BLOCKED — pending client decision],Tier 1,Check if your territory is open,WhatsApp us | Book a plant visit,17.10,Footer,"Standard 4-column footer: Explore | Products | Partner With Us | Contact & Legal. The visible partner email lives in column four and is one of nine sitewide surfaces carrying it, because the relationship-driven distributor archetype bypasses forms and looks for a person.",/ | /company | /plant | /find-boogies | /resources | /products/[tier] x6 | /partners/distributor | /partners/retailer | /partners/van-route | /partners/franchise | /partners/bulk-events | /contact | /privacy | /terms,"Locked template. partners@boogies.in [CONFIRM]. Both entity addresses shown (Icehome Foods, Kerala; Mountbell Foods, Tamil Nadu). Single phone number sitewide — current estate publishes two different numbers."
18,Support & Terms,/partners/distributor/support,Static,/partners/distributor,Custom build,Client operational policy,Tier 2,Check if your territory is open,Download the partner pack,18.1,Sticky Header,"Persistent navigation carrying six slots plus the five-way partner dropdown, so the primary commercial journey is visible at nav level on every page without consuming its own slot.",/ | /products | /plant | /find-boogies | /partners (dropdown x5) | /company | /contact,Distributor listed first and visually weighted in the dropdown.
18,Support & Terms,/partners/distributor/support,Static,/partners/distributor,Custom build,Client operational policy,Tier 2,Check if your territory is open,Download the partner pack,18.2,Breadcrumb,Path back to the distributor section.,/partners/distributor,—
18,Support & Terms,/partners/distributor/support,Static,/partners/distributor,Custom build,Client operational policy,Tier 2,Check if your territory is open,Download the partner pack,18.3,Freezer terms,"States how deep freezers are supplied — deposit, loan or purchase. A national competitor already sets this expectation publicly, so silence here reads as evasion.",—,Client-supplied. Capability exists but is currently unstated anywhere.
18,Support & Terms,/partners/distributor/support,Static,/partners/distributor,Custom build,Client operational policy,Tier 2,Check if your territory is open,Download the partner pack,18.4,Delivery frequency,"Commits to a delivery rhythm in writing. A Kerala competitor already publishes a same-day-or-next-day commitment on its trade property, so this is matchable, not novel.",/plant,Client-supplied commitment.
18,Support & Terms,/partners/distributor/support,Static,/partners/distributor,Custom build,Client operational policy,Tier 2,Check if your territory is open,Download the partner pack,18.5,Melt and damage replacement,Answers the question a retailer and distributor both ask and which nobody in the category publishes. A written policy beats an assumed one.,—,Client-supplied. Highest-value block on this page if published.
18,Support & Terms,/partners/distributor/support,Static,/partners/distributor,Custom build,Client operational policy,Tier 2,Check if your territory is open,Download the partner pack,18.6,Onboarding and named contact,"Names who the partner actually talks to, answering the support belief structurally rather than with a promise of handholding.",/contact,Requires a named owner per entity — an operational dependency.
18,Support & Terms,/partners/distributor/support,Static,/partners/distributor,Custom build,Client operational policy,Tier 2,Check if your territory is open,Download the partner pack,18.7,Marketing and local support,States honestly what is offered rather than inventing a programme. Do not contest the incumbent marketing-support claim; commit in writing to what is real.,—,Never invent a marketing programme.
18,Support & Terms,/partners/distributor/support,Static,/partners/distributor,Custom build,Client operational policy,Tier 2,Check if your territory is open,Download the partner pack,18.8,Territory check CTA,Primary conversion.,/partners/distributor/territory,—
18,Support & Terms,/partners/distributor/support,Static,/partners/distributor,Custom build,Client operational policy,Tier 2,Check if your territory is open,Download the partner pack,18.9,Pinned WhatsApp + Call,Floating conversion path for the archetype who will not complete a form. Pre-filled with page context so the sales conversation opens already qualified rather than at zero.,wa.me deep link | tel: link,WhatsApp Business API. Page context injected into the pre-filled message.
18,Support & Terms,/partners/distributor/support,Static,/partners/distributor,Custom build,Client operational policy,Tier 2,Check if your territory is open,Download the partner pack,18.10,Footer,"Standard 4-column footer: Explore | Products | Partner With Us | Contact & Legal. The visible partner email lives in column four and is one of nine sitewide surfaces carrying it, because the relationship-driven distributor archetype bypasses forms and looks for a person.",/ | /company | /plant | /find-boogies | /resources | /products/[tier] x6 | /partners/distributor | /partners/retailer | /partners/van-route | /partners/franchise | /partners/bulk-events | /contact | /privacy | /terms,"Locked template. partners@boogies.in [CONFIRM]. Both entity addresses shown (Icehome Foods, Kerala; Mountbell Foods, Tamil Nadu). Single phone number sitewide — current estate publishes two different numbers."
19,How It Works,/partners/distributor/process,Static,/partners/distributor,Custom build,Manual,Tier 2,Check if your territory is open,Book a plant visit,19.1,Sticky Header,"Persistent navigation carrying six slots plus the five-way partner dropdown, so the primary commercial journey is visible at nav level on every page without consuming its own slot.",/ | /products | /plant | /find-boogies | /partners (dropdown x5) | /company | /contact,Distributor listed first and visually weighted in the dropdown.
19,How It Works,/partners/distributor/process,Static,/partners/distributor,Custom build,Manual,Tier 2,Check if your territory is open,Book a plant visit,19.2,Breadcrumb,Path back to the distributor section.,/partners/distributor,—
19,How It Works,/partners/distributor/process,Static,/partners/distributor,Custom build,Manual,Tier 2,Check if your territory is open,Book a plant visit,19.3,The six stages,"Sets expectations for what happens between enquiry and first order, removing the uncertainty that makes a capital decision feel open-ended.",/plant/visit,"Enquiry, contact, qualification call, plant visit, terms, agreement."
19,How It Works,/partners/distributor/process,Static,/partners/distributor,Custom build,Manual,Tier 2,Check if your territory is open,Book a plant visit,19.4,What we will ask you,"Publishes the qualification criteria in advance, so the second-step fields read as preparation rather than as an audit.",/partners/distributor/territory,Mirrors Step 2 form fields exactly.
19,How It Works,/partners/distributor/process,Static,/partners/distributor,Custom build,Manual,Tier 2,Check if your territory is open,Book a plant visit,19.5,What you should ask us,"Links the checklist resource, which is the most defensible competitive asset available because competitors cannot answer it without changing policy.",/resources/12-questions,—
19,How It Works,/partners/distributor/process,Static,/partners/distributor,Custom build,Manual,Tier 2,Check if your territory is open,Book a plant visit,19.6,Timeline and season,"Names the pre-season stocking window, because intent in this trade compresses into a narrow annual period and a prospect needs to know what he is racing.",—,Anyone signing must be stocked before the demand peak.
19,How It Works,/partners/distributor/process,Static,/partners/distributor,Custom build,Manual,Tier 2,Check if your territory is open,Book a plant visit,19.7,Plant visit CTA,The verification stage made bookable rather than left to chance.,/plant/visit,Third of three plant-visit surfaces.
19,How It Works,/partners/distributor/process,Static,/partners/distributor,Custom build,Manual,Tier 2,Check if your territory is open,Book a plant visit,19.8,Pinned WhatsApp + Call,Floating conversion path for the archetype who will not complete a form. Pre-filled with page context so the sales conversation opens already qualified rather than at zero.,wa.me deep link | tel: link,WhatsApp Business API. Page context injected into the pre-filled message.
19,How It Works,/partners/distributor/process,Static,/partners/distributor,Custom build,Manual,Tier 2,Check if your territory is open,Book a plant visit,19.9,Footer,"Standard 4-column footer: Explore | Products | Partner With Us | Contact & Legal. The visible partner email lives in column four and is one of nine sitewide surfaces carrying it, because the relationship-driven distributor archetype bypasses forms and looks for a person.",/ | /company | /plant | /find-boogies | /resources | /products/[tier] x6 | /partners/distributor | /partners/retailer | /partners/van-route | /partners/franchise | /partners/bulk-events | /contact | /privacy | /terms,"Locked template. partners@boogies.in [CONFIRM]. Both entity addresses shown (Icehome Foods, Kerala; Mountbell Foods, Tamil Nadu). Single phone number sitewide — current estate publishes two different numbers."
20,Stock Boogies — Retailer,/partners/retailer,Static,/partners,Form page,Manual + form,Tier 2,Stock Boogies in your shop,WhatsApp us | Find your local distributor,20.1,Sticky Header,"Persistent navigation carrying six slots plus the five-way partner dropdown, so the primary commercial journey is visible at nav level on every page without consuming its own slot.",/ | /products | /plant | /find-boogies | /partners (dropdown x5) | /company | /contact,Distributor listed first and visually weighted in the dropdown.
20,Stock Boogies — Retailer,/partners/retailer,Static,/partners,Form page,Manual + form,Tier 2,Stock Boogies in your shop,WhatsApp us | Find your local distributor,20.2,Hero — short and practical,"A retailer decides in a single conversation, so this page is deliberately a fraction of the length of the distributor section. Same brand, different decision cycle.",—,Never give a retailer a distributor-length page.
20,Stock Boogies — Retailer,/partners/retailer,Static,/partners,Form page,Manual + form,Tier 2,Stock Boogies in your shop,WhatsApp us | Find your local distributor,20.3,What you get,"Freezer on deposit, margin per pack, delivery frequency, replacement on melted stock — the four things a shop owner actually asks about.",/partners/distributor/support,Client-supplied terms.
20,Stock Boogies — Retailer,/partners/retailer,Static,/partners,Form page,Manual + form,Tier 2,Stock Boogies in your shop,WhatsApp us | Find your local distributor,20.4,The range for a small cabinet,"Shows which formats suit limited freezer space, so the offer feels sized for him.",/products/carry-homes | /products/novelties,—
20,Stock Boogies — Retailer,/partners/retailer,Static,/partners,Form page,Manual + form,Tier 2,Stock Boogies in your shop,WhatsApp us | Find your local distributor,20.5,Retailer enquiry form,"Short intake — name, phone, WhatsApp, shop type, town. Routes to the local distributor rather than to head office, protecting existing territory relationships.",/thank-you/[type],"Channel policy: routed to local distributor. Where no distributor exists, the enquiry becomes a territory-gap signal."
20,Stock Boogies — Retailer,/partners/retailer,Static,/partners,Form page,Manual + form,Tier 2,Stock Boogies in your shop,WhatsApp us | Find your local distributor,20.6,Move up,"Lateral link to the van tier for a retailer with capital and appetite to grow, which is a documented urgency signal in this trade.",/partners/van-route,Load-bearing lateral link — must sit in the same viewport.
20,Stock Boogies — Retailer,/partners/retailer,Static,/partners,Form page,Manual + form,Tier 2,Stock Boogies in your shop,WhatsApp us | Find your local distributor,20.7,Direct contact,Visible partner email and WhatsApp.,/contact,Visible email surface.
20,Stock Boogies — Retailer,/partners/retailer,Static,/partners,Form page,Manual + form,Tier 2,Stock Boogies in your shop,WhatsApp us | Find your local distributor,20.8,Pinned WhatsApp + Call,Floating conversion path for the archetype who will not complete a form. Pre-filled with page context so the sales conversation opens already qualified rather than at zero.,wa.me deep link | tel: link,WhatsApp Business API. Page context injected into the pre-filled message.
20,Stock Boogies — Retailer,/partners/retailer,Static,/partners,Form page,Manual + form,Tier 2,Stock Boogies in your shop,WhatsApp us | Find your local distributor,20.9,Footer,"Standard 4-column footer: Explore | Products | Partner With Us | Contact & Legal. The visible partner email lives in column four and is one of nine sitewide surfaces carrying it, because the relationship-driven distributor archetype bypasses forms and looks for a person.",/ | /company | /plant | /find-boogies | /resources | /products/[tier] x6 | /partners/distributor | /partners/retailer | /partners/van-route | /partners/franchise | /partners/bulk-events | /contact | /privacy | /terms,"Locked template. partners@boogies.in [CONFIRM]. Both entity addresses shown (Icehome Foods, Kerala; Mountbell Foods, Tamil Nadu). Single phone number sitewide — current estate publishes two different numbers."
21,Van Route,/partners/van-route,Static,/partners,Form page,Manual [economics BLOCKED — pending client confirmation],Tier 2,See what a van route earns,WhatsApp us | Book a plant visit,21.1,Sticky Header,"Persistent navigation carrying six slots plus the five-way partner dropdown, so the primary commercial journey is visible at nav level on every page without consuming its own slot.",/ | /products | /plant | /find-boogies | /partners (dropdown x5) | /company | /contact,Distributor listed first and visually weighted in the dropdown.
21,Van Route,/partners/van-route,Static,/partners,Form page,Manual [economics BLOCKED — pending client confirmation],Tier 2,See what a van route earns,WhatsApp us | Book a plant visit,21.2,Hero — the lower step,"Speaks to the operator with capital but no route infrastructure, who fails the distributor filter and should be routed rather than lost.",/partners,"The most differentiated commercial idea available, pending confirmation."
21,Van Route,/partners/van-route,Static,/partners,Form page,Manual [economics BLOCKED — pending client confirmation],Tier 2,See what a van route earns,WhatsApp us | Book a plant visit,21.3,What a route is,Explains the model plainly — a van and a round rather than a territory and a godown — for someone who has never run distribution.,—,"Plain language, no trade jargon."
21,Van Route,/partners/van-route,Static,/partners,Form page,Manual [economics BLOCKED — pending client confirmation],Tier 2,See what a van route earns,WhatsApp us | Book a plant visit,21.4,Earnings picture,"A simple, honest monthly picture in numbers rather than jargon. This archetype is deploying a finite lump sum with no second chance.",/partners/distributor/economics,BLOCKED pending client confirmation that the van line is active and supportable. No fabricated earnings figures — block omitted rather than estimated.
21,Van Route,/partners/van-route,Static,/partners,Form page,Manual [economics BLOCKED — pending client confirmation],Tier 2,See what a van route earns,WhatsApp us | Book a plant visit,21.5,Van and freezer terms,"Boogies already manufactures and sells ice cream and food vans, which is the structural reason this route can exist at all where competitors can only name the category.",/products/trade-supply,Currently listed only on a third-party marketplace and invisible on the site.
21,Van Route,/partners/van-route,Static,/partners,Form page,Manual [economics BLOCKED — pending client confirmation],Tier 2,See what a van route earns,WhatsApp us | Book a plant visit,21.6,The ladder upward,"Shows the graduated path from route to territory, which both widens the funnel and gives the sales team a way to qualify a partner before granting a territory.",/partners/distributor,—
21,Van Route,/partners/van-route,Static,/partners,Form page,Manual [economics BLOCKED — pending client confirmation],Tier 2,See what a van route earns,WhatsApp us | Book a plant visit,21.7,Van enquiry form,Short intake sized for a first-time operator rather than an established distributor.,/thank-you/[type],Turnstile protected. CRM source = van_route.
21,Van Route,/partners/van-route,Static,/partners,Form page,Manual [economics BLOCKED — pending client confirmation],Tier 2,See what a van route earns,WhatsApp us | Book a plant visit,21.8,Direct contact,Visible partner email and WhatsApp.,/contact,Visible email surface.
21,Van Route,/partners/van-route,Static,/partners,Form page,Manual [economics BLOCKED — pending client confirmation],Tier 2,See what a van route earns,WhatsApp us | Book a plant visit,21.9,Pinned WhatsApp + Call,Floating conversion path for the archetype who will not complete a form. Pre-filled with page context so the sales conversation opens already qualified rather than at zero.,wa.me deep link | tel: link,WhatsApp Business API. Page context injected into the pre-filled message.
21,Van Route,/partners/van-route,Static,/partners,Form page,Manual [economics BLOCKED — pending client confirmation],Tier 2,See what a van route earns,WhatsApp us | Book a plant visit,21.10,Footer,"Standard 4-column footer: Explore | Products | Partner With Us | Contact & Legal. The visible partner email lives in column four and is one of nine sitewide surfaces carrying it, because the relationship-driven distributor archetype bypasses forms and looks for a person.",/ | /company | /plant | /find-boogies | /resources | /products/[tier] x6 | /partners/distributor | /partners/retailer | /partners/van-route | /partners/franchise | /partners/bulk-events | /contact | /privacy | /terms,"Locked template. partners@boogies.in [CONFIRM]. Both entity addresses shown (Icehome Foods, Kerala; Mountbell Foods, Tamil Nadu). Single phone number sitewide — current estate publishes two different numbers."
22,Boogie Woogie Franchise,/partners/franchise,Static,/partners,Form page,Manual [economics BLOCKED — pending client confirmation],Tier 2,Enquire about a franchise,WhatsApp us | See the range,22.1,Sticky Header,"Persistent navigation carrying six slots plus the five-way partner dropdown, so the primary commercial journey is visible at nav level on every page without consuming its own slot.",/ | /products | /plant | /find-boogies | /partners (dropdown x5) | /company | /contact,Distributor listed first and visually weighted in the dropdown.
22,Boogie Woogie Franchise,/partners/franchise,Static,/partners,Form page,Manual [economics BLOCKED — pending client confirmation],Tier 2,Enquire about a franchise,WhatsApp us | See the range,22.2,Hero — your own outlet,"Gives the franchise proposition a destination. The exclusivity claim has been published on the current site for years with no franchise page, no enquiry route and no economics behind it.",/boogie-woogie,A stated expansion vehicle currently supported by nothing.
22,Boogie Woogie Franchise,/partners/franchise,Static,/partners,Form page,Manual [economics BLOCKED — pending client confirmation],Tier 2,Enquire about a franchise,WhatsApp us | See the range,22.3,What a Boogie Woogie outlet is,Describes the format and the product line so a prospective franchisee can picture the shop and its customer.,/boogie-woogie | /products/boogie-woogie,Real outlet photography where it exists.
22,Boogie Woogie Franchise,/partners/franchise,Static,/partners,Form page,Manual [economics BLOCKED — pending client confirmation],Tier 2,Enquire about a franchise,WhatsApp us | See the range,22.4,The exclusivity advantage,Frames the restriction as the franchisee's protection — this range cannot be bought from the shop next door.,/products/boogie-woogie,—
22,Boogie Woogie Franchise,/partners/franchise,Static,/partners,Form page,Manual [economics BLOCKED — pending client confirmation],Tier 2,Enquire about a franchise,WhatsApp us | See the range,22.5,Investment and returns,"States what an outlet costs and earns, which is the information affiliate content currently supplies for competitor brands and manufacturers never supply themselves.",/partners/distributor/economics,BLOCKED pending client franchise economics. Omitted rather than estimated.
22,Boogie Woogie Franchise,/partners/franchise,Static,/partners,Form page,Manual [economics BLOCKED — pending client confirmation],Tier 2,Enquire about a franchise,WhatsApp us | See the range,22.6,Support model,"What head office provides — supply, branding, equipment, training.",/partners/distributor/support,Client-supplied.
22,Boogie Woogie Franchise,/partners/franchise,Static,/partners,Form page,Manual [economics BLOCKED — pending client confirmation],Tier 2,Enquire about a franchise,WhatsApp us | See the range,22.7,Franchise enquiry form,"Intake capturing location, investment capacity and timeline, since a franchise decision turns on site as much as on capital.",/thank-you/[type],CRM source = franchise.
22,Boogie Woogie Franchise,/partners/franchise,Static,/partners,Form page,Manual [economics BLOCKED — pending client confirmation],Tier 2,Enquire about a franchise,WhatsApp us | See the range,22.8,Direct contact,Visible partner email and WhatsApp.,/contact,Visible email surface.
22,Boogie Woogie Franchise,/partners/franchise,Static,/partners,Form page,Manual [economics BLOCKED — pending client confirmation],Tier 2,Enquire about a franchise,WhatsApp us | See the range,22.9,Pinned WhatsApp + Call,Floating conversion path for the archetype who will not complete a form. Pre-filled with page context so the sales conversation opens already qualified rather than at zero.,wa.me deep link | tel: link,WhatsApp Business API. Page context injected into the pre-filled message.
22,Boogie Woogie Franchise,/partners/franchise,Static,/partners,Form page,Manual [economics BLOCKED — pending client confirmation],Tier 2,Enquire about a franchise,WhatsApp us | See the range,22.10,Footer,"Standard 4-column footer: Explore | Products | Partner With Us | Contact & Legal. The visible partner email lives in column four and is one of nine sitewide surfaces carrying it, because the relationship-driven distributor archetype bypasses forms and looks for a person.",/ | /company | /plant | /find-boogies | /resources | /products/[tier] x6 | /partners/distributor | /partners/retailer | /partners/van-route | /partners/franchise | /partners/bulk-events | /contact | /privacy | /terms,"Locked template. partners@boogies.in [CONFIRM]. Both entity addresses shown (Icehome Foods, Kerala; Mountbell Foods, Tamil Nadu). Single phone number sitewide — current estate publishes two different numbers."
23,Bulk & Events,/partners/bulk-events,Static,/partners,Form page,Manual + form,Tier 3,Enquire about a bulk order,WhatsApp us | Find a Tasty Point,23.1,Sticky Header,"Persistent navigation carrying six slots plus the five-way partner dropdown, so the primary commercial journey is visible at nav level on every page without consuming its own slot.",/ | /products | /plant | /find-boogies | /partners (dropdown x5) | /company | /contact,Distributor listed first and visually weighted in the dropdown.
23,Bulk & Events,/partners/bulk-events,Static,/partners,Form page,Manual + form,Tier 3,Enquire about a bulk order,WhatsApp us | Find a Tasty Point,23.2,"Hero — weddings, parties, caterers",Captures demand the current site actively invites in copy and then routes nowhere. This demand is also precisely the evidence a distributor wants to see.,—,Homepage today promises doorstep delivery of large orders with no capture route.
23,Bulk & Events,/partners/bulk-events,Static,/partners,Form page,Manual + form,Tier 3,Enquire about a bulk order,WhatsApp us | Find a Tasty Point,23.3,Formats for volume,Presents bulk tubs and party packs with quantities and serving guidance so an organiser can size an order without a phone call.,/products/bulk-party-packs,—
23,Bulk & Events,/partners/bulk-events,Static,/partners,Form page,Manual + form,Tier 3,Enquire about a bulk order,WhatsApp us | Find a Tasty Point,23.4,How supply works,"Explains fulfilment honestly — routed through the local distributor or outlet rather than direct, which protects territory relationships.",/find-boogies,Channel policy: bulk fulfilment must not undercut distributors.
23,Bulk & Events,/partners/bulk-events,Static,/partners,Form page,Manual + form,Tier 3,Enquire about a bulk order,WhatsApp us | Find a Tasty Point,23.5,Bulk enquiry form,"Intake capturing event date, quantity, town and delivery need.",/thank-you/[type],CRM source = bulk. Routed to local distributor where one exists.
23,Bulk & Events,/partners/bulk-events,Static,/partners,Form page,Manual + form,Tier 3,Enquire about a bulk order,WhatsApp us | Find a Tasty Point,23.6,Find a Tasty Point,Gives an immediate self-service alternative for a smaller order.,/find-boogies,—
23,Bulk & Events,/partners/bulk-events,Static,/partners,Form page,Manual + form,Tier 3,Enquire about a bulk order,WhatsApp us | Find a Tasty Point,23.7,Pinned WhatsApp + Call,Floating conversion path for the archetype who will not complete a form. Pre-filled with page context so the sales conversation opens already qualified rather than at zero.,wa.me deep link | tel: link,WhatsApp Business API. Page context injected into the pre-filled message.
23,Bulk & Events,/partners/bulk-events,Static,/partners,Form page,Manual + form,Tier 3,Enquire about a bulk order,WhatsApp us | Find a Tasty Point,23.8,Footer,"Standard 4-column footer: Explore | Products | Partner With Us | Contact & Legal. The visible partner email lives in column four and is one of nine sitewide surfaces carrying it, because the relationship-driven distributor archetype bypasses forms and looks for a person.",/ | /company | /plant | /find-boogies | /resources | /products/[tier] x6 | /partners/distributor | /partners/retailer | /partners/van-route | /partners/franchise | /partners/bulk-events | /contact | /privacy | /terms,"Locked template. partners@boogies.in [CONFIRM]. Both entity addresses shown (Icehome Foods, Kerala; Mountbell Foods, Tamil Nadu). Single phone number sitewide — current estate publishes two different numbers."
24,Company,/company,Static,/,Custom build,Manual + client-supplied history,Tier 2,Check if your territory is open,Book a plant visit | See our credentials,24.1,Sticky Header,"Persistent navigation carrying six slots plus the five-way partner dropdown, so the primary commercial journey is visible at nav level on every page without consuming its own slot.",/ | /products | /plant | /find-boogies | /partners (dropdown x5) | /company | /contact,Distributor listed first and visually weighted in the dropdown.
24,Company,/company,Static,/,Custom build,Manual + client-supplied history,Tier 2,Check if your territory is open,Book a plant visit | See our credentials,24.2,Company hero,Answers the solidity belief — that this company will still exist in five years — which is what the gatekeeper doing due diligence has actually come to check.,/plant,Real photography.
24,Company,/company,Static,/,Custom build,Manual + client-supplied history,Tier 2,Check if your territory is open,Book a plant visit | See our credentials,24.3,"The story, reconciled","Tells the founding history with a date that survives scrutiny. The current site's twelve-year claim sits awkwardly beside a 2017 GST registration, and a prospect performing due diligence will check.",—,[CONFIRM] founding date before any 'since' or 'X years' claim is published. This is a launch blocker for the About narrative.
24,Company,/company,Static,/,Custom build,Manual + client-supplied history,Tier 2,Check if your territory is open,Book a plant visit | See our credentials,24.4,"Two entities, one brand","Explains the corporate structure and which company a partner in each state contracts with, removing an ambiguity that otherwise surfaces mid-negotiation.",/plant/credentials | /contact,Icehome Foods Private Limited (Kerala); Mountbell Foods Private Limited (Tamil Nadu).
24,Company,/company,Static,/,Custom build,Manual + client-supplied history,Tier 2,Check if your territory is open,Book a plant visit | See our credentials,24.5,Leadership,"Names the people who make decisions, supporting the access argument — a partner reaches someone who can decide rather than a regional layer relaying policy.",/contact,Real photography with permission. Client-supplied names and roles.
24,Company,/company,Static,/,Custom build,Manual + client-supplied history,Tier 2,Check if your territory is open,Book a plant visit | See our credentials,24.6,"Scale, stated honestly",States the real footprint without entering a scale comparison the company cannot win. Every scale comparison is a loss; every verification comparison is a win by default.,/find-boogies | /plant,"Never claim largest, best or fastest-growing. Real figures only; omit rather than estimate."
24,Company,/company,Static,/,Custom build,Manual + client-supplied history,Tier 2,Check if your territory is open,Book a plant visit | See our credentials,24.7,Credentials cross-link,Routes the due-diligence visitor to documentation rather than asking him to take the narrative on trust.,/plant/credentials,—
24,Company,/company,Static,/,Custom build,Manual + client-supplied history,Tier 2,Check if your territory is open,Book a plant visit | See our credentials,24.8,Direct contact,Visible partner email.,/contact,Visible email surface.
24,Company,/company,Static,/,Custom build,Manual + client-supplied history,Tier 2,Check if your territory is open,Book a plant visit | See our credentials,24.9,Pinned WhatsApp + Call,Floating conversion path for the archetype who will not complete a form. Pre-filled with page context so the sales conversation opens already qualified rather than at zero.,wa.me deep link | tel: link,WhatsApp Business API. Page context injected into the pre-filled message.
24,Company,/company,Static,/,Custom build,Manual + client-supplied history,Tier 2,Check if your territory is open,Book a plant visit | See our credentials,24.10,Footer,"Standard 4-column footer: Explore | Products | Partner With Us | Contact & Legal. The visible partner email lives in column four and is one of nine sitewide surfaces carrying it, because the relationship-driven distributor archetype bypasses forms and looks for a person.",/ | /company | /plant | /find-boogies | /resources | /products/[tier] x6 | /partners/distributor | /partners/retailer | /partners/van-route | /partners/franchise | /partners/bulk-events | /contact | /privacy | /terms,"Locked template. partners@boogies.in [CONFIRM]. Both entity addresses shown (Icehome Foods, Kerala; Mountbell Foods, Tamil Nadu). Single phone number sitewide — current estate publishes two different numbers."
25,Resources — Index,/resources,Static index,/,Resource index,CMS Resource collection,Tier 3,Read the 12 Questions,Download the partner pack,25.1,Sticky Header,"Persistent navigation carrying six slots plus the five-way partner dropdown, so the primary commercial journey is visible at nav level on every page without consuming its own slot.",/ | /products | /plant | /find-boogies | /partners (dropdown x5) | /company | /contact,Distributor listed first and visually weighted in the dropdown.
25,Resources — Index,/resources,Static index,/,Resource index,CMS Resource collection,Tier 3,Read the 12 Questions,Download the partner pack,25.2,Resource hero,Positions the library as trade guidance rather than a brand blog. A competitor's blog sits dormant since 2022; a decorative content layer is worse than none.,/resources/12-questions,Not a blog. No lifestyle content.
25,Resources — Index,/resources,Static index,/,Resource index,CMS Resource collection,Tier 3,Read the 12 Questions,Download the partner pack,25.3,Resource grid,"Lists guides organised by belief-chain stage, so a prospect finds the answer to the question he currently has rather than the most recent post.",/resources/[slug],"Related-content logic groups by belief stage, not recency."
25,Resources — Index,/resources,Static index,/,Resource index,CMS Resource collection,Tier 3,Read the 12 Questions,Download the partner pack,25.4,Featured — the 12 Questions,"Surfaces the flagship asset, which is the most defensible competitive weapon available.",/resources/12-questions,—
25,Resources — Index,/resources,Static index,/,Resource index,CMS Resource collection,Tier 3,Read the 12 Questions,Download the partner pack,25.5,Pinned WhatsApp + Call,Floating conversion path for the archetype who will not complete a form. Pre-filled with page context so the sales conversation opens already qualified rather than at zero.,wa.me deep link | tel: link,WhatsApp Business API. Page context injected into the pre-filled message.
25,Resources — Index,/resources,Static index,/,Resource index,CMS Resource collection,Tier 3,Read the 12 Questions,Download the partner pack,25.6,Footer,"Standard 4-column footer: Explore | Products | Partner With Us | Contact & Legal. The visible partner email lives in column four and is one of nine sitewide surfaces carrying it, because the relationship-driven distributor archetype bypasses forms and looks for a person.",/ | /company | /plant | /find-boogies | /resources | /products/[tier] x6 | /partners/distributor | /partners/retailer | /partners/van-route | /partners/franchise | /partners/bulk-events | /contact | /privacy | /terms,"Locked template. partners@boogies.in [CONFIRM]. Both entity addresses shown (Icehome Foods, Kerala; Mountbell Foods, Tamil Nadu). Single phone number sitewide — current estate publishes two different numbers."
26,The 12 Questions,/resources/12-questions,Static,/resources,Lead magnet,Manual,Tier 1,Download the partner pack,Check if your territory is open | WhatsApp us,26.1,Sticky Header,"Persistent navigation carrying six slots plus the five-way partner dropdown, so the primary commercial journey is visible at nav level on every page without consuming its own slot.",/ | /products | /plant | /find-boogies | /partners (dropdown x5) | /company | /contact,Distributor listed first and visually weighted in the dropdown.
26,The 12 Questions,/resources/12-questions,Static,/resources,Lead magnet,Manual,Tier 1,Download the partner pack,Check if your territory is open | WhatsApp us,26.2,Breadcrumb,Path back to the resource index.,/resources,—
26,The 12 Questions,/resources/12-questions,Static,/resources,Lead magnet,Manual,Tier 1,Download the partner pack,Check if your territory is open | WhatsApp us,26.3,Hero — the checklist,"Frames the asset as guidance for evaluating any manufacturer, not as a Boogies pitch. That framing is what makes it credible and what makes it rank.",—,Never name a competitor. Use the category as an unnamed benchmark.
26,The 12 Questions,/resources/12-questions,Static,/resources,Lead magnet,Manual,Tier 1,Download the partner pack,Check if your territory is open | WhatsApp us,26.4,"The twelve questions, answered",All twelve answers published ungated. Gating them would replicate the exact flaw being attacked — asking the prospect to go first — and would forfeit the search visibility.,/partners/distributor/economics | /partners/distributor/territory | /partners/distributor/support | /plant/credentials,Ungated. Schema: FAQPage. Each answer links to the page that substantiates it.
26,The 12 Questions,/resources/12-questions,Static,/resources,Lead magnet,Manual,Tier 1,Download the partner pack,Check if your territory is open | WhatsApp us,26.5,Why most manufacturers cannot answer these,Makes the competitive point structurally rather than by attacking anyone — competitors cannot answer without changing policy.,—,"No competitor named, no competitor grievance referenced."
26,The 12 Questions,/resources/12-questions,Static,/resources,Lead magnet,Manual,Tier 1,Download the partner pack,Check if your territory is open | WhatsApp us,26.6,Download the partner pack,"Light gate — phone, WhatsApp, territory. Three fields, because the pack is a forwardable convenience for the family conversation, not a toll gate on the answers.",/thank-you/[type],Delivered by transactional email and WhatsApp document. CRM tag = pack_download.
26,The 12 Questions,/resources/12-questions,Static,/resources,Lead magnet,Manual,Tier 1,Download the partner pack,Check if your territory is open | WhatsApp us,26.7,Territory check CTA,Primary conversion for a reader who is now qualified.,/partners/distributor/territory,—
26,The 12 Questions,/resources/12-questions,Static,/resources,Lead magnet,Manual,Tier 1,Download the partner pack,Check if your territory is open | WhatsApp us,26.8,Pinned WhatsApp + Call,Floating conversion path for the archetype who will not complete a form. Pre-filled with page context so the sales conversation opens already qualified rather than at zero.,wa.me deep link | tel: link,WhatsApp Business API. Page context injected into the pre-filled message.
26,The 12 Questions,/resources/12-questions,Static,/resources,Lead magnet,Manual,Tier 1,Download the partner pack,Check if your territory is open | WhatsApp us,26.9,Footer,"Standard 4-column footer: Explore | Products | Partner With Us | Contact & Legal. The visible partner email lives in column four and is one of nine sitewide surfaces carrying it, because the relationship-driven distributor archetype bypasses forms and looks for a person.",/ | /company | /plant | /find-boogies | /resources | /products/[tier] x6 | /partners/distributor | /partners/retailer | /partners/van-route | /partners/franchise | /partners/bulk-events | /contact | /privacy | /terms,"Locked template. partners@boogies.in [CONFIRM]. Both entity addresses shown (Icehome Foods, Kerala; Mountbell Foods, Tamil Nadu). Single phone number sitewide — current estate publishes two different numbers."
27,Resource Article Template,/resources/[slug],Dynamic Template,/resources,Resource Template,CMS Resource entry,Tier 3,Download the partner pack,Check if your territory is open,27.1,Sticky Header,"Persistent navigation carrying six slots plus the five-way partner dropdown, so the primary commercial journey is visible at nav level on every page without consuming its own slot.",/ | /products | /plant | /find-boogies | /partners (dropdown x5) | /company | /contact,Distributor listed first and visually weighted in the dropdown.
27,Resource Article Template,/resources/[slug],Dynamic Template,/resources,Resource Template,CMS Resource entry,Tier 3,Download the partner pack,Check if your territory is open,27.2,Breadcrumb,Path back to the resource index.,/resources,—
27,Resource Article Template,/resources/[slug],Dynamic Template,/resources,Resource Template,CMS Resource entry,Tier 3,Download the partner pack,Check if your territory is open,27.3,Article body,"Trade guidance addressing one belief-chain stage, written to be useful to someone evaluating any manufacturer rather than as brand content.",contextual links x3-6,—
27,Resource Article Template,/resources/[slug],Dynamic Template,/resources,Resource Template,CMS Resource entry,Tier 3,Download the partner pack,Check if your territory is open,27.4,Related resources,Lateral discovery grouped by belief stage rather than by publication date.,/resources/[slug] x3,Editorial override available per resource.
27,Resource Article Template,/resources/[slug],Dynamic Template,/resources,Resource Template,CMS Resource entry,Tier 3,Download the partner pack,Check if your territory is open,27.5,Conversion band,Routes an engaged reader into the commercial section.,/partners/distributor | /resources/12-questions,—
27,Resource Article Template,/resources/[slug],Dynamic Template,/resources,Resource Template,CMS Resource entry,Tier 3,Download the partner pack,Check if your territory is open,27.6,Pinned WhatsApp + Call,Floating conversion path for the archetype who will not complete a form. Pre-filled with page context so the sales conversation opens already qualified rather than at zero.,wa.me deep link | tel: link,WhatsApp Business API. Page context injected into the pre-filled message.
27,Resource Article Template,/resources/[slug],Dynamic Template,/resources,Resource Template,CMS Resource entry,Tier 3,Download the partner pack,Check if your territory is open,27.7,Footer,"Standard 4-column footer: Explore | Products | Partner With Us | Contact & Legal. The visible partner email lives in column four and is one of nine sitewide surfaces carrying it, because the relationship-driven distributor archetype bypasses forms and looks for a person.",/ | /company | /plant | /find-boogies | /resources | /products/[tier] x6 | /partners/distributor | /partners/retailer | /partners/van-route | /partners/franchise | /partners/bulk-events | /contact | /privacy | /terms,"Locked template. partners@boogies.in [CONFIRM]. Both entity addresses shown (Icehome Foods, Kerala; Mountbell Foods, Tamil Nadu). Single phone number sitewide — current estate publishes two different numbers."
28,Contact,/contact,Static,/,Contact,Manual,Tier 2,WhatsApp us,Partner with Boogies | Book a plant visit,28.1,Sticky Header,"Persistent navigation carrying six slots plus the five-way partner dropdown, so the primary commercial journey is visible at nav level on every page without consuming its own slot.",/ | /products | /plant | /find-boogies | /partners (dropdown x5) | /company | /contact,Distributor listed first and visually weighted in the dropdown.
28,Contact,/contact,Static,/,Contact,Manual,Tier 2,WhatsApp us,Partner with Boogies | Book a plant visit,28.2,Contact methods,"Visible email, single phone number and WhatsApp presented together, because this trade runs on phone and WhatsApp rather than email and the archetype who lands here wants a person, not a form.",/partners,One phone number sitewide. The current estate publishes two different numbers across properties. partners@boogies.in [CONFIRM].
28,Contact,/contact,Static,/,Contact,Manual,Tier 2,WhatsApp us,Partner with Boogies | Book a plant visit,28.3,Both entities,"Publishes each registered company with its address and territory, so a prospect knows who he would be contracting with before he asks.",/company,Schema: Organisation x2. Single source of truth for all directory listings.
28,Contact,/contact,Static,/,Contact,Manual,Tier 2,WhatsApp us,Partner with Boogies | Book a plant visit,28.4,Route me correctly,Sorts a general enquiry into the right journey rather than dropping everything into one undifferentiated inbox.,/partners/distributor | /partners/retailer | /partners/van-route | /partners/franchise | /partners/bulk-events,—
28,Contact,/contact,Static,/,Contact,Manual,Tier 2,WhatsApp us,Partner with Boogies | Book a plant visit,28.5,General enquiry form,"Catch-all intake with an interest selector, for anyone who did not self-sort earlier.",/thank-you/[type],Turnstile protected.
28,Contact,/contact,Static,/,Contact,Manual,Tier 2,WhatsApp us,Partner with Boogies | Book a plant visit,28.6,Map and directions,Practical location detail for a prospect planning a plant visit.,/plant/visit,Schema: LocalBusiness.
28,Contact,/contact,Static,/,Contact,Manual,Tier 2,WhatsApp us,Partner with Boogies | Book a plant visit,28.7,Pinned WhatsApp + Call,Floating conversion path for the archetype who will not complete a form. Pre-filled with page context so the sales conversation opens already qualified rather than at zero.,wa.me deep link | tel: link,WhatsApp Business API. Page context injected into the pre-filled message.
28,Contact,/contact,Static,/,Contact,Manual,Tier 2,WhatsApp us,Partner with Boogies | Book a plant visit,28.8,Footer,"Standard 4-column footer: Explore | Products | Partner With Us | Contact & Legal. The visible partner email lives in column four and is one of nine sitewide surfaces carrying it, because the relationship-driven distributor archetype bypasses forms and looks for a person.",/ | /company | /plant | /find-boogies | /resources | /products/[tier] x6 | /partners/distributor | /partners/retailer | /partners/van-route | /partners/franchise | /partners/bulk-events | /contact | /privacy | /terms,"Locked template. partners@boogies.in [CONFIRM]. Both entity addresses shown (Icehome Foods, Kerala; Mountbell Foods, Tamil Nadu). Single phone number sitewide — current estate publishes two different numbers."
29,Thank You Template,/thank-you/[type],Dynamic Template,—,Post-conversion,Auto-generated per form type,Utility,Complete your details,Book a plant visit | Download the partner pack,29.1,Confirmation,"Confirms receipt and restates the 24-hour commitment, so the prospect knows what happens next rather than wondering whether the form worked.",—,"noindex. Five variants: distributor, retailer, van, franchise, bulk."
29,Thank You Template,/thank-you/[type],Dynamic Template,—,Post-conversion,Auto-generated per form type,Utility,Complete your details,Book a plant visit | Download the partner pack,29.2,Step 2 — progressive qualification,"Collects the disqualifying fields after the lead already exists, framed as preparation for the territory answer rather than as vetting. Never blocks.",—,"Fields: trade experience, retailer base, cold-chain capacity, vehicle status, FSSAI, GST, investment band, timeline. Updates the existing CRM record by token."
29,Thank You Template,/thank-you/[type],Dynamic Template,—,Post-conversion,Auto-generated per form type,Utility,Complete your details,Book a plant visit | Download the partner pack,29.3,Book the plant visit,Moves a fresh lead straight toward the strongest conversion asset while intent is high.,/plant/visit,One of three plant-visit surfaces.
29,Thank You Template,/thank-you/[type],Dynamic Template,—,Post-conversion,Auto-generated per form type,Utility,Complete your details,Book a plant visit | Download the partner pack,29.4,Download the pack,Gives the prospect something forwardable to the family or partner who will be part of the decision but was never on the site.,/resources/12-questions,Also delivered by WhatsApp document.
29,Thank You Template,/thank-you/[type],Dynamic Template,—,Post-conversion,Auto-generated per form type,Utility,Complete your details,Book a plant visit | Download the partner pack,29.5,Analytics events,Fires the conversion events that create the measurement baseline this business has never had in any form.,—,"step1_submit, step2_submit, pack_download, plant_visit_request."
30,Privacy Policy,/privacy,Static (legal),/,Legal,Manual,Utility,—,—,30.1,Sticky Header,"Persistent navigation carrying six slots plus the five-way partner dropdown, so the primary commercial journey is visible at nav level on every page without consuming its own slot.",/ | /products | /plant | /find-boogies | /partners (dropdown x5) | /company | /contact,Distributor listed first and visually weighted in the dropdown.
30,Privacy Policy,/privacy,Static (legal),/,Legal,Manual,Utility,—,—,30.2,Policy body,"States how enquiry data is collected, stored and routed across two legal entities, which matters because leads are shared between separate companies.",/contact,Must reflect CRM storage and WhatsApp Business API data handling.
30,Privacy Policy,/privacy,Static (legal),/,Legal,Manual,Utility,—,—,30.3,Footer,"Standard 4-column footer: Explore | Products | Partner With Us | Contact & Legal. The visible partner email lives in column four and is one of nine sitewide surfaces carrying it, because the relationship-driven distributor archetype bypasses forms and looks for a person.",/ | /company | /plant | /find-boogies | /resources | /products/[tier] x6 | /partners/distributor | /partners/retailer | /partners/van-route | /partners/franchise | /partners/bulk-events | /contact | /privacy | /terms,"Locked template. partners@boogies.in [CONFIRM]. Both entity addresses shown (Icehome Foods, Kerala; Mountbell Foods, Tamil Nadu). Single phone number sitewide — current estate publishes two different numbers."
31,Terms,/terms,Static (legal),/,Legal,Manual,Utility,—,—,31.1,Sticky Header,"Persistent navigation carrying six slots plus the five-way partner dropdown, so the primary commercial journey is visible at nav level on every page without consuming its own slot.",/ | /products | /plant | /find-boogies | /partners (dropdown x5) | /company | /contact,Distributor listed first and visually weighted in the dropdown.
31,Terms,/terms,Static (legal),/,Legal,Manual,Utility,—,—,31.2,Terms body,"Site terms of use. Distinct from any partner agreement, which remains a contracted document rather than a web page.",/contact,—
31,Terms,/terms,Static (legal),/,Legal,Manual,Utility,—,—,31.3,Footer,"Standard 4-column footer: Explore | Products | Partner With Us | Contact & Legal. The visible partner email lives in column four and is one of nine sitewide surfaces carrying it, because the relationship-driven distributor archetype bypasses forms and looks for a person.",/ | /company | /plant | /find-boogies | /resources | /products/[tier] x6 | /partners/distributor | /partners/retailer | /partners/van-route | /partners/franchise | /partners/bulk-events | /contact | /privacy | /terms,"Locked template. partners@boogies.in [CONFIRM]. Both entity addresses shown (Icehome Foods, Kerala; Mountbell Foods, Tamil Nadu). Single phone number sitewide — current estate publishes two different numbers."
32,404 — Not Found,/404,Static (utility),—,Error,Manual,Utility,Find a Tasty Point,Partner with Boogies,32.1,Sticky Header,"Persistent navigation carrying six slots plus the five-way partner dropdown, so the primary commercial journey is visible at nav level on every page without consuming its own slot.",/ | /products | /plant | /find-boogies | /partners (dropdown x5) | /company | /contact,Distributor listed first and visually weighted in the dropdown.
32,404 — Not Found,/404,Static (utility),—,Error,Manual,Utility,Find a Tasty Point,Partner with Boogies,32.2,Error message and recovery,"Converts a dead end into a route. Given the volume of legacy redirects from the old WordPress site, this page will take real traffic during the first months.",/ | /find-boogies | /partners | /products,Never a bare error message.
32,404 — Not Found,/404,Static (utility),—,Error,Manual,Utility,Find a Tasty Point,Partner with Boogies,32.3,Locator search,Offers the most common intent inline rather than making the visitor navigate again.,/find-boogies,—
32,404 — Not Found,/404,Static (utility),—,Error,Manual,Utility,Find a Tasty Point,Partner with Boogies,32.4,Footer,"Standard 4-column footer: Explore | Products | Partner With Us | Contact & Legal. The visible partner email lives in column four and is one of nine sitewide surfaces carrying it, because the relationship-driven distributor archetype bypasses forms and looks for a person.",/ | /company | /plant | /find-boogies | /resources | /products/[tier] x6 | /partners/distributor | /partners/retailer | /partners/van-route | /partners/franchise | /partners/bulk-events | /contact | /privacy | /terms,"Locked template. partners@boogies.in [CONFIRM]. Both entity addresses shown (Icehome Foods, Kerala; Mountbell Foods, Tamil Nadu). Single phone number sitewide — current estate publishes two different numbers."
33,XML Sitemap,/sitemap.xml,Auto-generated,—,System,Generated from CMS,Utility,—,—,33.1,Sitemap index,"Exposes every indexable URL to crawlers, which is the mechanism for displacing directory listings that currently outrank the brand's own domain for its own name.",all indexable URLs,"Excludes /thank-you/[type], drafts and reserved slots. Auto-regenerated on publish."
34,Robots,/robots.txt,Auto-generated,—,System,Generated,Utility,—,—,34.1,Crawl directives,Controls crawler access and points to the sitemap. Disallows post-conversion and reserved paths.,/sitemap.xml,"Disallow: /thank-you/, /partners/login/."
35,Careers (Reserved),/careers,Reserved Placeholder,/,TBD,Not built at launch,Tier 4 (deferred),—,—,35.1,Reserved slot,"URL reserved so recruitment content can launch without restructuring. A neighbouring competitor already recruits openly through LinkedIn, so this becomes relevant sooner than it appears.",—,Not built at launch. Slot reserved — must not be dropped.
36,News (Reserved),/news,Reserved Placeholder,/,TBD,Not built at launch,Tier 4 (deferred),—,—,36.1,Reserved slot,"Reserved for trade press and announcements. Deliberately not launched as a blog, because a dormant blog is a visible signal of neglect.",—,Not built at launch. Slot reserved — must not be dropped.
37,Malayalam (Reserved),/ml,Reserved Placeholder,/,Locale root,Not built at launch,Tier 4 (deferred),—,—,37.1,Reserved locale root,"Reserved because Malayalam is likely more persuasive than English for this buyer, and retrofitting localisation into a monolingual build is a rebuild rather than an addition.",—,CMS fields are localisation-ready at launch. Content deferred. hreflang reserved.
38,Tamil (Reserved),/ta,Reserved Placeholder,/,Locale root,Not built at launch,Tier 4 (deferred),—,—,38.1,Reserved locale root,"Reserved for the Tamil Nadu territory served by the second legal entity, where English is least likely to be the language of the sales conversation.",—,CMS fields localisation-ready at launch. Content deferred. hreflang reserved.
39,Partner Portal (Reserved),/partners/login,Reserved Placeholder,/partners,TBD,Not built at launch,Tier 4 (deferred),—,—,39.1,Reserved authenticated slot,"Reserved for order visibility and reporting. The category leader already runs partner login and order tracking, and shared order data is the long-term answer to instrumenting a relationship that currently has no measurement on either side.",—,Not built at launch. Authentication boundary noted. Disallowed in robots.txt.
40,Shop (Reserved),/shop,Reserved Placeholder,/,TBD,Not built at launch,Tier 4 (deferred),—,—,40.1,Reserved commerce slot,"Direct-to-consumer sale is an explicit non-goal at launch, but the architecture must not obstruct it later. The category leader already runs pincode-gated rapid delivery, which makes this a live strategic question rather than a distant one.",—,"Not built at launch. Any activation requires a published channel policy first, because it directly affects distributor territory value."
